Year,Country,Code,Region,IncomeGroup,Poverty,GINI,GNI
2002,Albania,ALB,Europe & Central Asia,Upper middle income,2.4,31.7,4870
2002,Algeria,DZA,Middle East & North Africa,Upper middle income,3.7,,8570
2002,Angola,AGO,Sub-Saharan Africa,Lower middle income,61.2,42.7,2280
2002,Argentina,ARG,Latin America & Caribbean,Upper middle income,14,53.8,9480
2002,Armenia,ARM,Europe & Central Asia,Lower middle income,15.1,34.8,3130
2002,Australia,AUS,East Asia & Pacific,High income,0.9,,27940
2002,Austria,AUT,Europe & Central Asia,High income,0.1,29.8,30970
2002,Azerbaijan,AZE,Europe & Central Asia,Upper middle income,0,17.4,4120
2002,Bangladesh,BGD,South Asia,Lower middle income,32.7,,1480
2002,Belarus,BLR,Europe & Central Asia,Upper middle income,2,30.3,6910
2002,Belgium,BEL,Europe & Central Asia,High income,0.1,30.5,30990
2002,Belize,BLZ,Latin America & Caribbean,Upper middle income,12.3,53.3,5530
2002,Benin,BEN,Sub-Saharan Africa,Low income,49.1,38.6,1410
2002,Bhutan,BTN,South Asia,Lower middle income,41.3,46.8,3250
2002,Bolivia,BOL,Latin America & Caribbean,Lower middle income,24.9,60.2,3550
2002,Bosnia and Herzegovina,BIH,Europe & Central Asia,Upper middle income,0.3,,5510
2002,Botswana,BWA,Sub-Saharan Africa,Upper middle income,29.8,64.7,7710
2002,Brazil,BRA,Latin America & Caribbean,Upper middle income,12.3,58.6,9110
2002,Bulgaria,BGR,Europe & Central Asia,Upper middle income,1.3,,7930
2002,Burkina Faso,BFA,Sub-Saharan Africa,Low income,65.7,,900
2002,Burundi,BDI,Sub-Saharan Africa,Low income,80.9,,620
2002,Cabo Verde,CPV,Sub-Saharan Africa,Lower middle income,15.7,,3190
2002,Cameroon,CMR,Sub-Saharan Africa,Lower middle income,23.8,,2000
2002,Canada,CAN,North America,High income,0.3,30.1,30070
2002,Central African Republic,CAF,Sub-Saharan Africa,Low income,63.6,,700
2002,Chad,TCD,Sub-Saharan Africa,Low income,68,39.8,890
2002,Chile,CHL,Latin America & Caribbean,High income,4.2,,9900
2002,China,CHN,East Asia & Pacific,Upper middle income,32,,3520
2002,Colombia,COL,Latin America & Caribbean,Upper middle income,14.7,58.3,6740
2002,Comoros,COM,Sub-Saharan Africa,Low income,13.2,55.9,1210
2002,Congo,COG,Sub-Saharan Africa,Lower middle income,51.5,47.3,2730
2002,Costa Rica,CRI,Latin America & Caribbean,Upper middle income,6.3,50.9,8000
2002,Cote d'Ivoire,CIV,Sub-Saharan Africa,Lower middle income,23.2,41.3,2010
2002,Croatia,HRV,Europe & Central Asia,Upper middle income,0.1,,12090
2002,Cyprus,CYP,Europe & Central Asia,High income,0.1,30.1,23140
2002,Czech Republic,CZE,Europe & Central Asia,High income,0,,17510
2002,Denmark,DNK,Europe & Central Asia,High income,0.3,24.9,30280
2002,Dominican Republic,DOM,Latin America & Caribbean,Upper middle income,5.8,50.1,6550
2002,Ecuador,ECU,Latin America & Caribbean,Upper middle income,18,,6080
2002,Egypt,EGY,Middle East & North Africa,Lower middle income,3.2,,6210
2002,El Salvador,SLV,Latin America & Caribbean,Lower middle income,13.1,51.5,5260
2002,Estonia,EST,Europe & Central Asia,High income,1.3,35.8,11050
2002,Ethiopia,ETH,Sub-Saharan Africa,Low income,47.5,,520
2002,Fiji,FJI,East Asia & Pacific,Upper middle income,4.9,38.1,5800
2002,Finland,FIN,Europe & Central Asia,High income,0,27.9,28650
2002,France,FRA,Europe & Central Asia,High income,0,30.6,28930
2002,Gabon,GAB,Sub-Saharan Africa,Upper middle income,7.7,42.2,12900
2002,Gambia,GMB,Sub-Saharan Africa,Low income,62.4,,1160
2002,Georgia,GEO,Europe & Central Asia,Lower middle income,16.9,39.6,3020
2002,Germany,DEU,Europe & Central Asia,High income,0.2,31.8,28980
2002,Ghana,GHA,Sub-Saharan Africa,Lower middle income,30.2,,1880
2002,Greece,GRC,Europe & Central Asia,High income,0.8,33.6,22610
2002,Guatemala,GTM,Latin America & Caribbean,Lower middle income,10.7,,5000
2002,Guinea,GIN,Sub-Saharan Africa,Low income,61.6,43,970
2002,Guinea-Bissau,GNB,Sub-Saharan Africa,Low income,53.9,35.6,1070
2002,Guyana,GUY,Latin America & Caribbean,Upper middle income,12.9,44.6,3550
2002,Haiti,HTI,Latin America & Caribbean,Low income,56.9,,1360
2002,Honduras,HND,Latin America & Caribbean,Lower middle income,29.1,58.8,2670
2002,Hungary,HUN,Europe & Central Asia,High income,0,26.8,13790
2002,Iceland,ISL,Europe & Central Asia,High income,0.2,28,32660
2002,India,IND,South Asia,Lower middle income,41.2,,2140
2002,Indonesia,IDN,East Asia & Pacific,Lower middle income,23.4,,4880
2002,Iran,IRN,Middle East & North Africa,Upper middle income,0.9,,10530
2002,Iraq,IRQ,Middle East & North Africa,Upper middle income,2.7,28.6,8870
2002,Ireland,IRL,Europe & Central Asia,High income,0,33.6,29520
2002,Israel,ISR,Middle East & North Africa,High income,0.4,,24020
2002,Italy,ITA,Europe & Central Asia,High income,0.6,34.3,28510
2002,Jamaica,JAM,Latin America & Caribbean,Upper middle income,2.7,48.3,6240
2002,Japan,JPN,East Asia & Pacific,High income,0.3,32.1,28560
2002,Jordan,JOR,Middle East & North Africa,Lower middle income,0.9,37,6450
2002,Kazakhstan,KAZ,Europe & Central Asia,Upper middle income,6.8,34,9760
2002,Kenya,KEN,Sub-Saharan Africa,Lower middle income,31.5,,1720
2002,Kiribati,KIR,East Asia & Pacific,Lower middle income,11.8,37,2620
2002,Korea,KOR,East Asia & Pacific,High income,0.3,31.7,20690
2002,Kosovo,XKX,Europe & Central Asia,Lower middle income,,,
2002,Kyrgyz Republic,KGZ,Europe & Central Asia,Lower middle income,34.2,30.3,1700
2002,Lao PDR,LAO,East Asia & Pacific,Lower middle income,33.8,32.6,2020
2002,Latvia,LVA,Europe & Central Asia,High income,0.7,35.1,10090
2002,Lesotho,LSO,Sub-Saharan Africa,Lower middle income,61.3,51.6,2180
2002,Liberia,LBR,Sub-Saharan Africa,Low income,51.8,36.5,480
2002,Lithuania,LTU,Europe & Central Asia,High income,0.5,31.9,
2002,Luxembourg,LUX,Europe & Central Asia,High income,0,30.2,49830
2002,Macedonia,MKD,Europe & Central Asia,Upper middle income,1.3,38.5,6230
2002,Madagascar,MDG,Sub-Saharan Africa,Low income,75.7,,1020
2002,Malawi,MWI,Sub-Saharan Africa,Low income,73.6,,640
2002,Malaysia,MYS,East Asia & Pacific,Upper middle income,0.6,,12740
2002,Maldives,MDV,South Asia,Upper middle income,10,41.3,5800
2002,Mali,MLI,Sub-Saharan Africa,Low income,57.9,,1270
2002,Mauritania,MRT,Sub-Saharan Africa,Lower middle income,18.6,,2290
2002,Mauritius,MUS,Sub-Saharan Africa,Upper middle income,0.9,35.7,9440
2002,Mexico,MEX,Latin America & Caribbean,Upper middle income,8.8,49.5,10290
2002,Micronesia,FSM,East Asia & Pacific,Lower middle income,11,42.4,2730
2002,Moldova,MDA,Europe & Central Asia,Lower middle income,16.6,35.8,2340
2002,Mongolia,MNG,East Asia & Pacific,Lower middle income,10.6,32.9,4040
2002,Montenegro,MNE,Europe & Central Asia,Upper middle income,0.5,30.2,7500
2002,Morocco,MAR,Middle East & North Africa,Lower middle income,5.7,,3930
2002,Mozambique,MOZ,Sub-Saharan Africa,Low income,80.4,47,470
2002,Myanmar,MMR,East Asia & Pacific,Lower middle income,73.4,38.1,1310
2002,Namibia,NAM,Sub-Saharan Africa,Upper middle income,36.3,63.3,5210
2002,Nepal,NPL,South Asia,Low income,45.5,,1280
2002,Netherlands,NLD,Europe & Central Asia,High income,0.2,29.8,34050
2002,Nicaragua,NIC,Latin America & Caribbean,Lower middle income,16.4,,2760
2002,Niger,NER,Sub-Saharan Africa,Low income,76.5,,630
2002,Nigeria,NGA,Sub-Saharan Africa,Lower middle income,66,,2170
2002,Norway,NOR,Europe & Central Asia,High income,0.3,31.6,38070
2002,Pakistan,PAK,South Asia,Lower middle income,28.4,,2920
2002,Panama,PAN,Latin America & Caribbean,Upper middle income,11.9,56.6,8500
2002,Papua New Guinea,PNG,East Asia & Pacific,Lower middle income,55.3,,1290
2002,Paraguay,PRY,Latin America & Caribbean,Upper middle income,13.3,57.3,4330
2002,Peru,PER,Latin America & Caribbean,Upper middle income,15.3,54,5440
2002,Philippines,PHL,East Asia & Pacific,Lower middle income,13.7,,4220
2002,Poland,POL,Europe & Central Asia,High income,0.1,34,11740
2002,Portugal,PRT,Europe & Central Asia,High income,0.5,38.9,20010
2002,Romania,ROU,Europe & Central Asia,Upper middle income,5.4,30.2,7110
2002,Russian Federation,RUS,Europe & Central Asia,Upper middle income,0.7,37.3,7880
2002,Rwanda,RWA,Sub-Saharan Africa,Low income,73,,740
2002,Samoa,WSM,East Asia & Pacific,Upper middle income,2.3,42,3940
2002,Sao Tome and Principe,STP,Sub-Saharan Africa,Lower middle income,33.2,,1590
2002,Senegal,SEN,Sub-Saharan Africa,Low income,49.1,,1540
2002,Serbia,SRB,Europe & Central Asia,Upper middle income,0.2,32,6770
2002,Seychelles,SYC,Sub-Saharan Africa,High income,0.7,,13140
2002,Sierra Leone,SLE,Sub-Saharan Africa,Low income,61.7,,790
2002,Slovak Republic,SVK,Europe & Central Asia,High income,0.2,,13240
2002,Slovenia,SVN,Europe & Central Asia,High income,0,29.1,20210
2002,Solomon Islands,SLB,East Asia & Pacific,Lower middle income,50.4,46.1,1200
2002,South Africa,ZAF,Sub-Saharan Africa,Upper middle income,32,,8140
2002,South Sudan,SSD,Sub-Saharan Africa,Low income,44.4,46.3,
2002,Spain,ESP,Europe & Central Asia,High income,0.9,33.3,24090
2002,Sri Lanka,LKA,South Asia,Lower middle income,8.3,41,4560
2002,St. Lucia,LCA,Latin America & Caribbean,Upper middle income,36.4,42.6,7430
2002,Sudan,SDN,Sub-Saharan Africa,Lower middle income,28.4,35.4,1890
2002,Suriname,SUR,Latin America & Caribbean,Upper middle income,21.4,57.6,7730
2002,Swaziland,SWZ,Sub-Saharan Africa,Lower middle income,47.5,,4990
2002,Sweden,SWE,Europe & Central Asia,High income,0.4,26.1,30650
2002,Switzerland,CHE,Europe & Central Asia,High income,0.1,34.3,38730
2002,Tajikistan,TJK,Europe & Central Asia,Lower middle income,32.9,,1090
2002,Tanzania,TZA,Sub-Saharan Africa,Low income,79.3,,1300
2002,Thailand,THA,East Asia & Pacific,Upper middle income,1.1,41.9,7870
2002,Togo,TGO,Sub-Saharan Africa,Low income,56.4,42.2,960
2002,Tonga,TON,East Asia & Pacific,Upper middle income,2.2,,4000
2002,Trinidad and Tobago,TTO,Latin America & Caribbean,High income,0.4,40.3,15930
2002,Tunisia,TUN,Middle East & North Africa,Lower middle income,4.4,,6180
2002,Turkey,TUR,Europe & Central Asia,Upper middle income,1.7,41.4,9150
2002,Turkmenistan,TKM,Europe & Central Asia,Upper middle income,31.2,40.8,4380
2002,Tuvalu,TUV,East Asia & Pacific,Upper middle income,2.3,39.1,5830
2002,Uganda,UGA,Sub-Saharan Africa,Low income,62.2,45.2,920
2002,Ukraine,UKR,Europe & Central Asia,Lower middle income,1.7,29,4560
2002,United Kingdom,GBR,Europe & Central Asia,High income,0.4,36,29090
2002,United States,USA,North America,High income,0.8,35,38590
2002,Uruguay,URY,Latin America & Caribbean,High income,1.5,,9440
2002,Uzbekistan,UZB,Europe & Central Asia,Lower middle income,65.6,33,2150
2002,Vanuatu,VUT,East Asia & Pacific,Lower middle income,12.7,37.4,1940
2002,Venezuela,VEN,Latin America & Caribbean,Upper middle income,16,50.6,10460
2002,Vietnam,VNM,East Asia & Pacific,Lower middle income,38,37,2370
2002,Yemen,YEM,Middle East & North Africa,Lower middle income,9,,3020
2002,Zambia,ZMB,Sub-Saharan Africa,Lower middle income,49.4,42.1,1740
2002,Zimbabwe,ZWE,Sub-Saharan Africa,Low income,9.2,43.2,1830
2005,Albania,ALB,Europe & Central Asia,Upper middle income,1.1,30.6,6060
2005,Algeria,DZA,Middle East & North Africa,Upper middle income,2.1,35.8,10430
2005,Angola,AGO,Sub-Saharan Africa,Lower middle income,49.9,42.7,3010
2005,Argentina,ARG,Latin America & Caribbean,Upper middle income,5.4,49.3,13290
2005,Armenia,ARM,Europe & Central Asia,Lower middle income,4.5,36,4970
2005,Australia,AUS,East Asia & Pacific,High income,0.8,31.8,31380
2005,Austria,AUT,Europe & Central Asia,High income,0.1,28.7,34760
2005,Azerbaijan,AZE,Europe & Central Asia,Upper middle income,0,16.6,6280
2005,Bangladesh,BGD,South Asia,Lower middle income,24.5,33.2,1790
2005,Belarus,BLR,Europe & Central Asia,Upper middle income,0.4,27.5,10000
2005,Belgium,BEL,Europe & Central Asia,High income,0.2,29.3,33720
2005,Belize,BLZ,Latin America & Caribbean,Upper middle income,12.6,53.3,6290
2005,Benin,BEN,Sub-Saharan Africa,Low income,50.4,36.2,1540
2005,Bhutan,BTN,South Asia,Lower middle income,18.4,41.5,3970
2005,Bolivia,BOL,Latin America & Caribbean,Lower middle income,20.4,58.5,4020
2005,Bosnia and Herzegovina,BIH,Europe & Central Asia,Upper middle income,0.1,35.6,6720
2005,Botswana,BWA,Sub-Saharan Africa,Upper middle income,25.3,52.7,9450
2005,Brazil,BRA,Latin America & Caribbean,Upper middle income,9.6,56.6,10520
2005,Bulgaria,BGR,Europe & Central Asia,Upper middle income,0.7,33,10300
2005,Burkina Faso,BFA,Sub-Saharan Africa,Low income,56.6,39.9,1090
2005,Burundi,BDI,Sub-Saharan Africa,Low income,79.7,33.6,630
2005,Cabo Verde,CPV,Sub-Saharan Africa,Lower middle income,11.7,,3990
2005,Cameroon,CMR,Sub-Saharan Africa,Lower middle income,26.9,39.5,2280
2005,Canada,CAN,North America,High income,0.3,31.6,35390
2005,Central African Republic,CAF,Sub-Saharan Africa,Low income,65.4,53.3,720
2005,Chad,TCD,Sub-Saharan Africa,Low income,39.8,39.9,1350
2005,Chile,CHL,Latin America & Caribbean,High income,2.8,48.7,11660
2005,China,CHN,East Asia & Pacific,Upper middle income,18.8,51.3,5060
2005,Colombia,COL,Latin America & Caribbean,Upper middle income,10.4,55,7950
2005,Comoros,COM,Sub-Saharan Africa,Low income,13.8,63.9,1300
2005,Congo,COG,Sub-Saharan Africa,Lower middle income,50.2,47.3,2800
2005,Costa Rica,CRI,Latin America & Caribbean,Upper middle income,4.4,47.8,9420
2005,Cote d'Ivoire,CIV,Sub-Saharan Africa,Lower middle income,27.2,43.7,2300
2005,Croatia,HRV,Europe & Central Asia,Upper middle income,0,28.1,14550
2005,Cyprus,CYP,Europe & Central Asia,High income,0.1,30.3,27250
2005,Czech Republic,CZE,Europe & Central Asia,High income,0,27,20920
2005,Denmark,DNK,Europe & Central Asia,High income,0.3,25.2,34430
2005,Dominican Republic,DOM,Latin America & Caribbean,Upper middle income,5.8,50,7380
2005,Ecuador,ECU,Latin America & Caribbean,Upper middle income,13.6,54.1,7330
2005,Egypt,EGY,Middle East & North Africa,Lower middle income,4.3,,7100
2005,El Salvador,SLV,Latin America & Caribbean,Lower middle income,9.6,47.9,6020
2005,Estonia,EST,Europe & Central Asia,High income,0.8,33.5,15870
2005,Ethiopia,ETH,Sub-Saharan Africa,Low income,36.2,31.3,650
2005,Fiji,FJI,East Asia & Pacific,Upper middle income,3.7,35.3,6710
2005,Finland,FIN,Europe & Central Asia,High income,0.1,27.6,32130
2005,France,FRA,Europe & Central Asia,High income,0,29.8,31140
2005,Gabon,GAB,Sub-Saharan Africa,Upper middle income,8,42.2,13610
2005,Gambia,GMB,Sub-Saharan Africa,Low income,47,47.3,1300
2005,Georgia,GEO,Europe & Central Asia,Lower middle income,16.2,40.3,4410
2005,Germany,DEU,Europe & Central Asia,High income,0.2,31.8,32250
2005,Ghana,GHA,Sub-Saharan Africa,Lower middle income,25.1,42.8,2230
2005,Greece,GRC,Europe & Central Asia,High income,0.3,34.6,25620
2005,Guatemala,GTM,Latin America & Caribbean,Lower middle income,11.3,48.7,5480
2005,Guinea,GIN,Sub-Saharan Africa,Low income,60.3,40,960
2005,Guinea-Bissau,GNB,Sub-Saharan Africa,Low income,58.8,38.9,1170
2005,Guyana,GUY,Latin America & Caribbean,Upper middle income,12.8,44.6,3930
2005,Haiti,HTI,Latin America & Caribbean,Low income,55.5,,1380
2005,Honduras,HND,Latin America & Caribbean,Lower middle income,27.8,59.5,3140
2005,Hungary,HUN,Europe & Central Asia,High income,0.7,34.7,16100
2005,Iceland,ISL,Europe & Central Asia,High income,0,29,35470
2005,India,IND,South Asia,Lower middle income,37.5,49.6,2810
2005,Indonesia,IDN,East Asia & Pacific,Lower middle income,21.6,36.5,5780
2005,Iran,IRN,Middle East & North Africa,Upper middle income,0.4,43.6,12930
2005,Iraq,IRQ,Middle East & North Africa,Upper middle income,2.8,28.6,9840
2005,Ireland,IRL,Europe & Central Asia,High income,0,33.8,35020
2005,Israel,ISR,Middle East & North Africa,High income,0.7,41.7,24310
2005,Italy,ITA,Europe & Central Asia,High income,0.7,33.8,30100
2005,Jamaica,JAM,Latin America & Caribbean,Upper middle income,1.5,45.5,7040
2005,Japan,JPN,East Asia & Pacific,High income,0.3,32.1,32350
2005,Jordan,JOR,Middle East & North Africa,Lower middle income,0.4,36.9,8000
2005,Kazakhstan,KAZ,Europe & Central Asia,Upper middle income,0.2,29.6,12920
2005,Kenya,KEN,Sub-Saharan Africa,Lower middle income,33.6,48.5,1980
2005,Kiribati,KIR,East Asia & Pacific,Lower middle income,11.8,37,2530
2005,Korea,KOR,East Asia & Pacific,High income,0.3,31.7,24010
2005,Kosovo,XKX,Europe & Central Asia,Lower middle income,3,31.2,
2005,Kyrgyz Republic,KGZ,Europe & Central Asia,Lower middle income,15.4,32.6,2030
2005,Lao PDR,LAO,East Asia & Pacific,Lower middle income,26,,2560
2005,Latvia,LVA,Europe & Central Asia,High income,2.4,39,13700
2005,Lesotho,LSO,Sub-Saharan Africa,Lower middle income,61.4,,2270
2005,Liberia,LBR,Sub-Saharan Africa,Low income,73.7,36.5,380
2005,Lithuania,LTU,Europe & Central Asia,High income,1.8,35.3,14330
2005,Luxembourg,LUX,Europe & Central Asia,High income,0,30.8,63170
2005,Macedonia,MKD,Europe & Central Asia,Upper middle income,1.4,39.3,7620
2005,Madagascar,MDG,Sub-Saharan Africa,Low income,72,39.9,1220
2005,Malawi,MWI,Sub-Saharan Africa,Low income,73.6,41.3,740
2005,Malaysia,MYS,East Asia & Pacific,Upper middle income,0.5,40.9,15810
2005,Maldives,MDV,South Asia,Upper middle income,10.3,38.7,6890
2005,Mali,MLI,Sub-Saharan Africa,Low income,52.1,37.9,1520
2005,Mauritania,MRT,Sub-Saharan Africa,Lower middle income,13.4,38.6,2740
2005,Mauritius,MUS,Sub-Saharan Africa,Upper middle income,0.7,35.7,11060
2005,Mexico,MEX,Latin America & Caribbean,Upper middle income,8.7,51.1,11990
2005,Micronesia,FSM,East Asia & Pacific,Lower middle income,10.6,42.4,3040
2005,Moldova,MDA,Europe & Central Asia,Lower middle income,13.9,36.3,3300
2005,Mongolia,MNG,East Asia & Pacific,Lower middle income,5.1,34.3,5270
2005,Montenegro,MNE,Europe & Central Asia,Upper middle income,0.2,30.2,8410
2005,Morocco,MAR,Middle East & North Africa,Lower middle income,4.2,40.9,4750
2005,Mozambique,MOZ,Sub-Saharan Africa,Low income,76.7,44,630
2005,Myanmar,MMR,East Asia & Pacific,Lower middle income,50.8,38.1,2020
2005,Namibia,NAM,Sub-Saharan Africa,Upper middle income,29.4,64.9,6360
2005,Nepal,NPL,South Asia,Low income,40.1,40.4,1500
2005,Netherlands,NLD,Europe & Central Asia,High income,0.1,29,37410
2005,Nicaragua,NIC,Latin America & Caribbean,Lower middle income,9,49.2,3280
2005,Niger,NER,Sub-Saharan Africa,Low income,74.9,44.4,680
2005,Nigeria,NGA,Sub-Saharan Africa,Lower middle income,53.3,44.6,3250
2005,Norway,NOR,Europe & Central Asia,High income,0.2,30.6,48300
2005,Pakistan,PAK,South Asia,Lower middle income,16.5,32.7,3650
2005,Panama,PAN,Latin America & Caribbean,Upper middle income,10.3,54,9930
2005,Papua New Guinea,PNG,East Asia & Pacific,Lower middle income,51,51.8,1460
2005,Paraguay,PRY,Latin America & Caribbean,Upper middle income,7,51.4,4590
2005,Peru,PER,Latin America & Caribbean,Upper middle income,14.2,51.8,6310
2005,Philippines,PHL,East Asia & Pacific,Lower middle income,14.2,43.4,5360
2005,Poland,POL,Europe & Central Asia,High income,0.1,34.5,13650
2005,Portugal,PRT,Europe & Central Asia,High income,0.5,38.5,22390
2005,Romania,ROU,Europe & Central Asia,Upper middle income,2.1,29.8,9440
2005,Russian Federation,RUS,Europe & Central Asia,Upper middle income,0.5,41.3,11540
2005,Rwanda,RWA,Sub-Saharan Africa,Low income,68,52,910
2005,Samoa,WSM,East Asia & Pacific,Upper middle income,1.1,42,4500
2005,Sao Tome and Principe,STP,Sub-Saharan Africa,Lower middle income,33.8,,1940
2005,Senegal,SEN,Sub-Saharan Africa,Low income,38.4,39.2,1840
2005,Serbia,SRB,Europe & Central Asia,Upper middle income,1.1,33.4,8600
2005,Seychelles,SYC,Sub-Saharan Africa,High income,0.5,41.7,16030
2005,Sierra Leone,SLE,Sub-Saharan Africa,Low income,57.2,41.2,910
2005,Slovak Republic,SVK,Europe & Central Asia,High income,0.2,29.3,16160
2005,Slovenia,SVN,Europe & Central Asia,High income,0.1,24.6,23800
2005,Solomon Islands,SLB,East Asia & Pacific,Lower middle income,45.6,46.1,1430
2005,South Africa,ZAF,Sub-Saharan Africa,Upper middle income,28.1,59.3,9660
2005,South Sudan,SSD,Sub-Saharan Africa,Low income,43.8,46.3,
2005,Spain,ESP,Europe & Central Asia,High income,0.8,32.4,27300
2005,Sri Lanka,LKA,South Asia,Lower middle income,5.2,40.7,5740
2005,St. Lucia,LCA,Latin America & Caribbean,Upper middle income,32.2,42.6,8540
2005,Sudan,SDN,Sub-Saharan Africa,Lower middle income,23.8,35.4,2240
2005,Suriname,SUR,Latin America & Caribbean,Upper middle income,20.9,57.6,10170
2005,Swaziland,SWZ,Sub-Saharan Africa,Lower middle income,45,49.8,6340
2005,Sweden,SWE,Europe & Central Asia,High income,1,26.8,34480
2005,Switzerland,CHE,Europe & Central Asia,High income,0.1,34.3,43910
2005,Tajikistan,TJK,Europe & Central Asia,Lower middle income,13,33.4,1470
2005,Tanzania,TZA,Sub-Saharan Africa,Low income,62.9,37.6,1590
2005,Thailand,THA,East Asia & Pacific,Upper middle income,0.6,41,9800
2005,Togo,TGO,Sub-Saharan Africa,Low income,56.3,42.2,1030
2005,Tonga,TON,East Asia & Pacific,Upper middle income,1.7,,4430
2005,Trinidad and Tobago,TTO,Latin America & Caribbean,High income,1.2,40.3,22420
2005,Tunisia,TUN,Middle East & North Africa,Lower middle income,3.1,37.7,7440
2005,Turkey,TUR,Europe & Central Asia,Upper middle income,2.6,42.6,11760
2005,Turkmenistan,TKM,Europe & Central Asia,Upper middle income,23,40.8,5380
2005,Tuvalu,TUV,East Asia & Pacific,Upper middle income,3.6,39.1,4420
2005,Uganda,UGA,Sub-Saharan Africa,Low income,53.2,42.9,1070
2005,Ukraine,UKR,Europe & Central Asia,Lower middle income,0.3,29,6380
2005,United Kingdom,GBR,Europe & Central Asia,High income,0.5,34.3,33040
2005,United States,USA,North America,High income,1,37.5,44740
2005,Uruguay,URY,Latin America & Caribbean,High income,1.1,43.9,11220
2005,Uzbekistan,UZB,Europe & Central Asia,Lower middle income,59.2,35.3,2730
2005,Vanuatu,VUT,East Asia & Pacific,Lower middle income,12.7,37.4,2170
2005,Venezuela,VEN,Latin America & Caribbean,Upper middle income,17,52.4,13110
2005,Vietnam,VNM,East Asia & Pacific,Lower middle income,23.3,,3050
2005,Yemen,YEM,Middle East & North Africa,Lower middle income,9.8,34.7,3340
2005,Zambia,ZMB,Sub-Saharan Africa,Lower middle income,57.5,54.5,2040
2005,Zimbabwe,ZWE,Sub-Saharan Africa,Low income,21.6,43.2,1400
2008,Albania,ALB,Europe & Central Asia,Upper middle income,0.4,30,8270
2008,Algeria,DZA,Middle East & North Africa,Upper middle income,1.1,,12070
2008,Angola,AGO,Sub-Saharan Africa,Lower middle income,30.1,42.7,4810
2008,Argentina,ARG,Latin America & Caribbean,Upper middle income,3,46.3,17270
2008,Armenia,ARM,Europe & Central Asia,Lower middle income,1.5,30.7,7690
2008,Australia,AUS,East Asia & Pacific,High income,0.4,35.4,35980
2008,Austria,AUT,Europe & Central Asia,High income,0.5,30.4,41360
2008,Azerbaijan,AZE,Europe & Central Asia,Upper middle income,0.5,31.8,12380
2008,Bangladesh,BGD,South Asia,Lower middle income,20.1,34,2330
2008,Belarus,BLR,Europe & Central Asia,Upper middle income,0,27.8,14200
2008,Belgium,BEL,Europe & Central Asia,High income,0.1,28.4,39030
2008,Belize,BLZ,Latin America & Caribbean,Upper middle income,14.4,53.3,6720
2008,Benin,BEN,Sub-Saharan Africa,Low income,49.7,,1770
2008,Bhutan,BTN,South Asia,Lower middle income,11,40,5230
2008,Bolivia,BOL,Latin America & Caribbean,Lower middle income,11.9,51.4,4830
2008,Bosnia and Herzegovina,BIH,Europe & Central Asia,Upper middle income,0.1,,9330
2008,Botswana,BWA,Sub-Saharan Africa,Upper middle income,17.1,,12320
2008,Brazil,BRA,Latin America & Caribbean,Upper middle income,6.3,54.4,12630
2008,Bulgaria,BGR,Europe & Central Asia,Upper middle income,1.2,33.6,13720
2008,Burkina Faso,BFA,Sub-Saharan Africa,Low income,54.4,,1300
2008,Burundi,BDI,Sub-Saharan Africa,Low income,76.1,,730
2008,Cabo Verde,CPV,Sub-Saharan Africa,Lower middle income,7.1,47.2,5560
2008,Cameroon,CMR,Sub-Saharan Africa,Lower middle income,29.7,,2510
2008,Canada,CAN,North America,High income,0.3,29.2,39680
2008,Central African Republic,CAF,Sub-Saharan Africa,Low income,66.3,56.2,820
2008,Chad,TCD,Sub-Saharan Africa,Low income,42.2,,1400
2008,Chile,CHL,Latin America & Caribbean,High income,2.3,,15150
2008,China,CHN,East Asia & Pacific,Upper middle income,14.7,42.8,7680
2008,Colombia,COL,Latin America & Caribbean,Upper middle income,10.7,56,9740
2008,Comoros,COM,Sub-Saharan Africa,Low income,15.8,,1360
2008,Congo,COG,Sub-Saharan Africa,Lower middle income,45.9,,3360
2008,Costa Rica,CRI,Latin America & Caribbean,Upper middle income,2.7,49.1,12090
2008,Cote d'Ivoire,CIV,Sub-Saharan Africa,Lower middle income,29.1,43.2,2470
2008,Croatia,HRV,Europe & Central Asia,Upper middle income,0,33.7,19690
2008,Cyprus,CYP,Europe & Central Asia,High income,0,31.7,34110
2008,Czech Republic,CZE,Europe & Central Asia,High income,0,26.3,25980
2008,Denmark,DNK,Europe & Central Asia,High income,0.1,25.3,41740
2008,Dominican Republic,DOM,Latin America & Caribbean,Upper middle income,3.8,49,9670
2008,Ecuador,ECU,Latin America & Caribbean,Upper middle income,9,50.6,8710
2008,Egypt,EGY,Middle East & North Africa,Lower middle income,3.9,31.1,9010
2008,El Salvador,SLV,Latin America & Caribbean,Lower middle income,6.9,46.7,7070
2008,Estonia,EST,Europe & Central Asia,High income,0.4,31.9,21470
2008,Ethiopia,ETH,Sub-Saharan Africa,Low income,34.9,,890
2008,Fiji,FJI,East Asia & Pacific,Upper middle income,3.5,40.4,6920
2008,Finland,FIN,Europe & Central Asia,High income,0.1,27.8,40040
2008,France,FRA,Europe & Central Asia,High income,0,33,35910
2008,Gabon,GAB,Sub-Saharan Africa,Upper middle income,10.2,42.2,12640
2008,Gambia,GMB,Sub-Saharan Africa,Low income,46.5,47.3,1440
2008,Georgia,GEO,Europe & Central Asia,Lower middle income,15.5,40.6,6070
2008,Germany,DEU,Europe & Central Asia,High income,0.1,31.1,38400
2008,Ghana,GHA,Sub-Saharan Africa,Lower middle income,21.9,,2720
2008,Greece,GRC,Europe & Central Asia,High income,0.3,33.6,29940
2008,Guatemala,GTM,Latin America & Caribbean,Lower middle income,10.9,,6330
2008,Guinea,GIN,Sub-Saharan Africa,Low income,44.3,,1040
2008,Guinea-Bissau,GNB,Sub-Saharan Africa,Low income,63.8,,1280
2008,Guyana,GUY,Latin America & Caribbean,Upper middle income,10.2,44.6,5160
2008,Haiti,HTI,Latin America & Caribbean,Low income,55.3,,1530
2008,Honduras,HND,Latin America & Caribbean,Lower middle income,16.1,55.7,3810
2008,Hungary,HUN,Europe & Central Asia,High income,0,27.5,19330
2008,Iceland,ISL,Europe & Central Asia,High income,0.1,31.8,34050
2008,India,IND,South Asia,Lower middle income,33.4,51.1,3620
2008,Indonesia,IDN,East Asia & Pacific,Lower middle income,21.6,,7220
2008,Iran,IRN,Middle East & North Africa,Upper middle income,0.7,,15780
2008,Iraq,IRQ,Middle East & North Africa,Upper middle income,2.2,,12360
2008,Ireland,IRL,Europe & Central Asia,High income,0.2,30.9,38330
2008,Israel,ISR,Middle East & North Africa,High income,0.4,,26650
2008,Italy,ITA,Europe & Central Asia,High income,0.7,33.6,35080
2008,Jamaica,JAM,Latin America & Caribbean,Upper middle income,1.2,45.5,7890
2008,Japan,JPN,East Asia & Pacific,High income,0.3,32.1,35710
2008,Jordan,JOR,Middle East & North Africa,Lower middle income,0.1,32.6,9510
2008,Kazakhstan,KAZ,Europe & Central Asia,Upper middle income,0.1,29.1,15830
2008,Kenya,KEN,Sub-Saharan Africa,Lower middle income,31.9,48.5,2240
2008,Kiribati,KIR,East Asia & Pacific,Lower middle income,14,37,2520
2008,Korea,KOR,East Asia & Pacific,High income,0.3,32.3,28650
2008,Kosovo,XKX,Europe & Central Asia,Lower middle income,,,7510
2008,Kyrgyz Republic,KGZ,Europe & Central Asia,Lower middle income,4,31.5,2570
2008,Lao PDR,LAO,East Asia & Pacific,Lower middle income,26.5,,3230
2008,Latvia,LVA,Europe & Central Asia,High income,1.2,37.2,19180
2008,Lesotho,LSO,Sub-Saharan Africa,Lower middle income,60,,2850
2008,Liberia,LBR,Sub-Saharan Africa,Low income,64.9,,530
2008,Lithuania,LTU,Europe & Central Asia,High income,1.4,35.7,20040
2008,Luxembourg,LUX,Europe & Central Asia,High income,0,32.6,71800
2008,Macedonia,MKD,Europe & Central Asia,Upper middle income,1.3,44.1,10290
2008,Madagascar,MDG,Sub-Saharan Africa,Low income,71.5,,1460
2008,Malawi,MWI,Sub-Saharan Africa,Low income,72.1,,910
2008,Malaysia,MYS,East Asia & Pacific,Upper middle income,0.3,,19560
2008,Maldives,MDV,South Asia,Upper middle income,6.3,36.9,8740
2008,Mali,MLI,Sub-Saharan Africa,Low income,50.3,,1700
2008,Mauritania,MRT,Sub-Saharan Africa,Lower middle income,10.8,35.7,3240
2008,Mauritius,MUS,Sub-Saharan Africa,Upper middle income,0.4,,14470
2008,Mexico,MEX,Latin America & Caribbean,Upper middle income,3.8,48.2,14520
2008,Micronesia,FSM,East Asia & Pacific,Lower middle income,13.3,,3160
2008,Moldova,MDA,Europe & Central Asia,Lower middle income,1.3,34.7,4090
2008,Mongolia,MNG,East Asia & Pacific,Lower middle income,1.2,,7050
2008,Montenegro,MNE,Europe & Central Asia,Upper middle income,0.2,30.5,13940
2008,Morocco,MAR,Middle East & North Africa,Lower middle income,2.3,40.7,5850
2008,Mozambique,MOZ,Sub-Saharan Africa,Low income,68.7,45.6,780
2008,Myanmar,MMR,East Asia & Pacific,Lower middle income,28.2,38.1,2990
2008,Namibia,NAM,Sub-Saharan Africa,Upper middle income,23.8,,7760
2008,Nepal,NPL,South Asia,Low income,28.2,30,1790
2008,Netherlands,NLD,Europe & Central Asia,High income,0.1,29.3,44990
2008,Nicaragua,NIC,Latin America & Caribbean,Lower middle income,7.6,,3830
2008,Niger,NER,Sub-Saharan Africa,Low income,66.3,,780
2008,Nigeria,NGA,Sub-Saharan Africa,Lower middle income,53.5,,4200
2008,Norway,NOR,Europe & Central Asia,High income,0.2,27,61400
2008,Pakistan,PAK,South Asia,Lower middle income,11.9,27.7,4190
2008,Panama,PAN,Latin America & Caribbean,Upper middle income,5.5,52.6,13710
2008,Papua New Guinea,PNG,East Asia & Pacific,Lower middle income,43.4,,1820
2008,Paraguay,PRY,Latin America & Caribbean,Upper middle income,5,51,6220
2008,Peru,PER,Latin America & Caribbean,Upper middle income,7.9,48.5,8300
2008,Philippines,PHL,East Asia & Pacific,Lower middle income,11.6,,6460
2008,Poland,POL,Europe & Central Asia,High income,0,33.7,17990
2008,Portugal,PRT,Europe & Central Asia,High income,0.1,36.6,25590
2008,Romania,ROU,Europe & Central Asia,Upper middle income,0,29.6,15880
2008,Russian Federation,RUS,Europe & Central Asia,Upper middle income,0.1,41.6,19600
2008,Rwanda,RWA,Sub-Saharan Africa,Low income,64,,1190
2008,Samoa,WSM,East Asia & Pacific,Upper middle income,0.6,42,5130
2008,Sao Tome and Principe,STP,Sub-Saharan Africa,Lower middle income,32,,2430
2008,Senegal,SEN,Sub-Saharan Africa,Low income,37.1,,2070
2008,Serbia,SRB,Europe & Central Asia,Upper middle income,0.1,28.2,11590
2008,Seychelles,SYC,Sub-Saharan Africa,High income,0.4,42.8,17630
2008,Sierra Leone,SLE,Sub-Saharan Africa,Low income,54.8,,1200
2008,Slovak Republic,SVK,Europe & Central Asia,High income,0.2,26,23250
2008,Slovenia,SVN,Europe & Central Asia,High income,0,23.7,28940
2008,Solomon Islands,SLB,East Asia & Pacific,Lower middle income,36.5,,1490
2008,South Africa,ZAF,Sub-Saharan Africa,Upper middle income,16.9,63,11350
2008,South Sudan,SSD,Sub-Saharan Africa,Low income,42.9,46.3,2520
2008,Spain,ESP,Europe & Central Asia,High income,0.5,34.2,32570
2008,Sri Lanka,LKA,South Asia,Lower middle income,2.7,35.2,7290
2008,St. Lucia,LCA,Latin America & Caribbean,Upper middle income,28.6,42.6,10190
2008,Sudan,SDN,Sub-Saharan Africa,Lower middle income,15.2,35.4,2970
2008,Suriname,SUR,Latin America & Caribbean,Upper middle income,19.4,57.6,12940
2008,Swaziland,SWZ,Sub-Saharan Africa,Lower middle income,42.7,,6890
2008,Sweden,SWE,Europe & Central Asia,High income,0.4,26.8,43380
2008,Switzerland,CHE,Europe & Central Asia,High income,0.1,33.8,48960
2008,Tajikistan,TJK,Europe & Central Asia,Lower middle income,7.5,,1890
2008,Tanzania,TZA,Sub-Saharan Africa,Low income,54.2,,1890
2008,Thailand,THA,East Asia & Pacific,Upper middle income,0.1,40.3,11860
2008,Togo,TGO,Sub-Saharan Africa,Low income,56,,1010
2008,Tonga,TON,East Asia & Pacific,Upper middle income,1.5,,4660
2008,Trinidad and Tobago,TTO,Latin America & Caribbean,High income,0.5,40.3,29340
2008,Tunisia,TUN,Middle East & North Africa,Lower middle income,2.5,,9050
2008,Turkey,TUR,Europe & Central Asia,Upper middle income,0.6,39,15890
2008,Turkmenistan,TKM,Europe & Central Asia,Upper middle income,11.2,40.8,8040
2008,Tuvalu,TUV,East Asia & Pacific,Upper middle income,2.3,39.1,5140
2008,Uganda,UGA,Sub-Saharan Africa,Low income,43.7,,1380
2008,Ukraine,UKR,Europe & Central Asia,Lower middle income,0,26.6,8320
2008,United Kingdom,GBR,Europe & Central Asia,High income,0.3,34.1,36190
2008,United States,USA,North America,High income,1,39.2,48640
2008,Uruguay,URY,Latin America & Caribbean,High income,0.3,46.3,14270
2008,Uzbekistan,UZB,Europe & Central Asia,Lower middle income,43.8,35.3,3840
2008,Vanuatu,VUT,East Asia & Pacific,Lower middle income,13.3,37.4,2830
2008,Venezuela,VEN,Latin America & Caribbean,Upper middle income,8.2,46.9,17230
2008,Vietnam,VNM,East Asia & Pacific,Lower middle income,14.8,35.6,3810
2008,Yemen,YEM,Middle East & North Africa,Lower middle income,10.8,,3770
2008,Zambia,ZMB,Sub-Saharan Africa,Lower middle income,62.6,,2550
2008,Zimbabwe,ZWE,Sub-Saharan Africa,Low income,36.5,43.2,1040
2010,Albania,ALB,Europe & Central Asia,Upper middle income,0.7,,9550
2010,Algeria,DZA,Middle East & North Africa,Upper middle income,0.6,,12580
2010,Angola,AGO,Sub-Saharan Africa,Lower middle income,30.5,42.7,5210
2010,Argentina,ARG,Latin America & Caribbean,Upper middle income,2,44.5,17710
2010,Armenia,ARM,Europe & Central Asia,Lower middle income,2.5,31.1,6890
2010,Australia,AUS,East Asia & Pacific,High income,0.3,34.7,37670
2010,Austria,AUT,Europe & Central Asia,High income,0.5,30.3,42260
2010,Azerbaijan,AZE,Europe & Central Asia,Upper middle income,0.7,31.8,14690
2010,Bangladesh,BGD,South Asia,Lower middle income,18.5,32.1,2590
2010,Belarus,BLR,Europe & Central Asia,Upper middle income,0,28.6,15600
2010,Belgium,BEL,Europe & Central Asia,High income,0.1,28.4,41390
2010,Belize,BLZ,Latin America & Caribbean,Upper middle income,13.9,53.3,6850
2010,Benin,BEN,Sub-Saharan Africa,Low income,52.3,,1770
2010,Bhutan,BTN,South Asia,Lower middle income,4.8,39.4,5940
2010,Bolivia,BOL,Latin America & Caribbean,Lower middle income,10.1,43.6,5070
2010,Bosnia and Herzegovina,BIH,Europe & Central Asia,Upper middle income,0.1,,9470
2010,Botswana,BWA,Sub-Saharan Africa,Upper middle income,17,60.5,12500
2010,Brazil,BRA,Latin America & Caribbean,Upper middle income,5.7,45.6,13830
2010,Bulgaria,BGR,Europe & Central Asia,Upper middle income,1.9,35.7,14650
2010,Burkina Faso,BFA,Sub-Saharan Africa,Low income,51.8,,1430
2010,Burundi,BDI,Sub-Saharan Africa,Low income,75.8,,740
2010,Cabo Verde,CPV,Sub-Saharan Africa,Lower middle income,7.7,47.2,5460
2010,Cameroon,CMR,Sub-Saharan Africa,Lower middle income,28.6,,2570
2010,Canada,CAN,North America,High income,0.3,33.6,39230
2010,Central African Republic,CAF,Sub-Saharan Africa,Low income,65.2,56.2,870
2010,Chad,TCD,Sub-Saharan Africa,Low income,37.1,,1820
2010,Chile,CHL,Latin America & Caribbean,High income,2.1,48.2,17050
2010,China,CHN,East Asia & Pacific,Upper middle income,11.2,53.4,9290
2010,Colombia,COL,Latin America & Caribbean,Upper middle income,8.1,55.5,10260
2010,Comoros,COM,Sub-Saharan Africa,Low income,16.7,,1380
2010,Congo,COG,Sub-Saharan Africa,Lower middle income,37.5,,3820
2010,Costa Rica,CRI,Latin America & Caribbean,Upper middle income,1.6,48.1,12320
2010,Cote d'Ivoire,CIV,Sub-Saharan Africa,Lower middle income,31.6,,2540
2010,Croatia,HRV,Europe & Central Asia,Upper middle income,1.2,32.4,18670
2010,Cyprus,CYP,Europe & Central Asia,High income,0.1,31.5,32290
2010,Czech Republic,CZE,Europe & Central Asia,High income,0,26.6,25580
2010,Denmark,DNK,Europe & Central Asia,High income,0.2,27.3,43790
2010,Dominican Republic,DOM,Latin America & Caribbean,Upper middle income,2.6,47.2,10500
2010,Ecuador,ECU,Latin America & Caribbean,Upper middle income,7.1,49.3,9030
2010,Egypt,EGY,Middle East & North Africa,Lower middle income,3,31.5,9470
2010,El Salvador,SLV,Latin America & Caribbean,Lower middle income,7.2,44.5,6970
2010,Estonia,EST,Europe & Central Asia,High income,0.8,32,20480
2010,Ethiopia,ETH,Sub-Saharan Africa,Low income,33.5,33.2,1050
2010,Fiji,FJI,East Asia & Pacific,Upper middle income,3.1,,6980
2010,Finland,FIN,Europe & Central Asia,High income,0.1,27.7,39340
2010,France,FRA,Europe & Central Asia,High income,0.1,33.7,36760
2010,Gabon,GAB,Sub-Saharan Africa,Upper middle income,10.1,42.2,13070
2010,Gambia,GMB,Sub-Saharan Africa,Low income,43.2,47.3,1610
2010,Georgia,GEO,Europe & Central Asia,Lower middle income,19.6,42.1,6390
2010,Germany,DEU,Europe & Central Asia,High income,0.2,30.7,40040
2010,Ghana,GHA,Sub-Saharan Africa,Lower middle income,19.2,,2950
2010,Greece,GRC,Europe & Central Asia,High income,1,34.1,27630
2010,Guatemala,GTM,Latin America & Caribbean,Lower middle income,11.7,48.2,6380
2010,Guinea,GIN,Sub-Saharan Africa,Low income,46.6,,1060
2010,Guinea-Bissau,GNB,Sub-Saharan Africa,Low income,67.1,50.7,1360
2010,Guyana,GUY,Latin America & Caribbean,Upper middle income,9,44.6,5750
2010,Haiti,HTI,Latin America & Caribbean,Low income,50,,1480
2010,Honduras,HND,Latin America & Caribbean,Lower middle income,15.5,53.4,3710
2010,Hungary,HUN,Europe & Central Asia,High income,0.1,29.4,20470
2010,Iceland,ISL,Europe & Central Asia,High income,0.1,26.2,32230
2010,India,IND,South Asia,Lower middle income,28,51.4,4270
2010,Indonesia,IDN,East Asia & Pacific,Lower middle income,15.9,40.8,8040
2010,Iran,IRN,Middle East & North Africa,Upper middle income,0.7,,17090
2010,Iraq,IRQ,Middle East & North Africa,Upper middle income,2.4,,12600
2010,Ireland,IRL,Europe & Central Asia,High income,0.5,32.3,36190
2010,Israel,ISR,Middle East & North Africa,High income,0.3,42.5,28220
2010,Italy,ITA,Europe & Central Asia,High income,1.3,34.3,35010
2010,Jamaica,JAM,Latin America & Caribbean,Upper middle income,1.8,45.5,7550
2010,Japan,JPN,East Asia & Pacific,High income,0.3,32.1,35900
2010,Jordan,JOR,Middle East & North Africa,Lower middle income,0.1,33.7,9210
2010,Kazakhstan,KAZ,Europe & Central Asia,Upper middle income,0.1,28.6,17110
2010,Kenya,KEN,Sub-Saharan Africa,Lower middle income,29.1,48.5,2420
2010,Kiribati,KIR,East Asia & Pacific,Lower middle income,14.7,37,2470
2010,Korea,KOR,East Asia & Pacific,High income,0.3,32,30410
2010,Kosovo,XKX,Europe & Central Asia,Lower middle income,2.2,33.3,7830
2010,Kyrgyz Republic,KGZ,Europe & Central Asia,Lower middle income,4.1,30.1,2560
2010,Lao PDR,LAO,East Asia & Pacific,Lower middle income,24.5,,3660
2010,Latvia,LVA,Europe & Central Asia,High income,1.6,35,17810
2010,Lesotho,LSO,Sub-Saharan Africa,Lower middle income,59.7,54.2,2950
2010,Liberia,LBR,Sub-Saharan Africa,Low income,59.2,,590
2010,Lithuania,LTU,Europe & Central Asia,High income,1.5,33.6,19750
2010,Luxembourg,LUX,Europe & Central Asia,High income,0,30.5,62040
2010,Macedonia,MKD,Europe & Central Asia,Upper middle income,9.7,42.8,11140
2010,Madagascar,MDG,Sub-Saharan Africa,Low income,78.5,42.4,1340
2010,Malawi,MWI,Sub-Saharan Africa,Low income,70.9,46.1,1000
2010,Malaysia,MYS,East Asia & Pacific,Upper middle income,0.2,46.3,20020
2010,Maldives,MDV,South Asia,Upper middle income,6.8,38.4,8920
2010,Mali,MLI,Sub-Saharan Africa,Low income,49.1,33,1760
2010,Mauritania,MRT,Sub-Saharan Africa,Lower middle income,10.1,,3200
2010,Mauritius,MUS,Sub-Saharan Africa,Upper middle income,0.5,,15800
2010,Mexico,MEX,Latin America & Caribbean,Upper middle income,3.8,48.1,14910
2010,Micronesia,FSM,East Asia & Pacific,Lower middle income,13.2,,3390
2010,Moldova,MDA,Europe & Central Asia,Lower middle income,0.5,32,4150
2010,Mongolia,MNG,East Asia & Pacific,Lower middle income,0.8,33.1,6920
2010,Montenegro,MNE,Europe & Central Asia,Upper middle income,0,28.9,13570
2010,Morocco,MAR,Middle East & North Africa,Lower middle income,2,40.7,6230
2010,Mozambique,MOZ,Sub-Saharan Africa,Low income,66.7,45.6,870
2010,Myanmar,MMR,East Asia & Pacific,Lower middle income,17.2,38.1,3650
2010,Namibia,NAM,Sub-Saharan Africa,Upper middle income,21.6,61,7970
2010,Nepal,NPL,South Asia,Low income,15,32.8,1960
2010,Netherlands,NLD,Europe & Central Asia,High income,0.1,27.9,44950
2010,Nicaragua,NIC,Latin America & Caribbean,Lower middle income,7.1,,3830
2010,Niger,NER,Sub-Saharan Africa,Low income,55.1,,790
2010,Nigeria,NGA,Sub-Saharan Africa,Lower middle income,53.1,43,4780
2010,Norway,NOR,Europe & Central Asia,High income,0.1,25.7,58620
2010,Pakistan,PAK,South Asia,Lower middle income,8.3,29.8,4360
2010,Panama,PAN,Latin America & Caribbean,Upper middle income,4.6,51.9,13970
2010,Papua New Guinea,PNG,East Asia & Pacific,Lower middle income,37.4,41.9,1920
2010,Paraguay,PRY,Latin America & Caribbean,Upper middle income,6.1,51.8,6640
2010,Peru,PER,Latin America & Caribbean,Upper middle income,4.7,46.2,9010
2010,Philippines,PHL,East Asia & Pacific,Lower middle income,12,42.9,7310
2010,Poland,POL,Europe & Central Asia,High income,0,33.2,20330
2010,Portugal,PRT,Europe & Central Asia,High income,0.1,35.8,26440
2010,Romania,ROU,Europe & Central Asia,Upper middle income,0,28.2,16920
2010,Russian Federation,RUS,Europe & Central Asia,Upper middle income,0.1,39.5,19860
2010,Rwanda,RWA,Sub-Saharan Africa,Low income,60.3,51.3,1320
2010,Samoa,WSM,East Asia & Pacific,Upper middle income,1.1,42,5140
2010,Sao Tome and Principe,STP,Sub-Saharan Africa,Lower middle income,32.3,30.8,2600
2010,Senegal,SEN,Sub-Saharan Africa,Low income,37.3,39.3,2110
2010,Serbia,SRB,Europe & Central Asia,Upper middle income,0.1,29.6,11830
2010,Seychelles,SYC,Sub-Saharan Africa,High income,1.4,46.8,18840
2010,Sierra Leone,SLE,Sub-Saharan Africa,Low income,53.1,36.3,1210
2010,Slovak Republic,SVK,Europe & Central Asia,High income,0.4,27.3,24450
2010,Slovenia,SVN,Europe & Central Asia,High income,0,24.9,27530
2010,Solomon Islands,SLB,East Asia & Pacific,Lower middle income,34.3,,1290
2010,South Africa,ZAF,Sub-Saharan Africa,Upper middle income,17.2,59.2,11530
2010,South Sudan,SSD,Sub-Saharan Africa,Low income,42.4,46.3,2610
2010,Spain,ESP,Europe & Central Asia,High income,0.7,35.3,31540
2010,Sri Lanka,LKA,South Asia,Lower middle income,2.3,41.3,8300
2010,St. Lucia,LCA,Latin America & Caribbean,Upper middle income,30.3,42.6,10280
2010,Sudan,SDN,Sub-Saharan Africa,Lower middle income,14.5,35.4,3040
2010,Suriname,SUR,Latin America & Caribbean,Upper middle income,18.8,57.6,13590
2010,Swaziland,SWZ,Sub-Saharan Africa,Lower middle income,41.3,51.5,6780
2010,Sweden,SWE,Europe & Central Asia,High income,0.3,26.5,42890
2010,Switzerland,CHE,Europe & Central Asia,High income,0.1,32.5,56140
2010,Tajikistan,TJK,Europe & Central Asia,Lower middle income,11.9,,2550
2010,Tanzania,TZA,Sub-Saharan Africa,Low income,52.1,35.2,2030
2010,Thailand,THA,East Asia & Pacific,Upper middle income,0.1,39.4,12660
2010,Togo,TGO,Sub-Saharan Africa,Low income,55.3,39.1,1030
2010,Tonga,TON,East Asia & Pacific,Upper middle income,1.1,37.5,5040
2010,Trinidad and Tobago,TTO,Latin America & Caribbean,High income,0.6,40.3,29140
2010,Tunisia,TUN,Middle East & North Africa,Lower middle income,2,35.8,9750
2010,Turkey,TUR,Europe & Central Asia,Upper middle income,0.8,38.8,17310
2010,Turkmenistan,TKM,Europe & Central Asia,Upper middle income,7.8,40.8,8920
2010,Tuvalu,TUV,East Asia & Pacific,Upper middle income,3.3,39.1,4710
2010,Uganda,UGA,Sub-Saharan Africa,Low income,40.3,42.8,1480
2010,Ukraine,UKR,Europe & Central Asia,Lower middle income,0,24.8,7550
2010,United Kingdom,GBR,Europe & Central Asia,High income,0.1,34.4,36200
2010,United States,USA,North America,High income,1,40.4,48880
2010,Uruguay,URY,Latin America & Caribbean,High income,0.2,45.3,16110
2010,Uzbekistan,UZB,Europe & Central Asia,Lower middle income,35.1,35.3,4280
2010,Vanuatu,VUT,East Asia & Pacific,Lower middle income,13.1,37.3,2790
2010,Venezuela,VEN,Latin America & Caribbean,Upper middle income,8.7,46.9,16010
2010,Vietnam,VNM,East Asia & Pacific,Lower middle income,4.2,39.3,4230
2010,Yemen,YEM,Middle East & North Africa,Lower middle income,9.7,,4130
2010,Zambia,ZMB,Sub-Saharan Africa,Lower middle income,64.4,55.6,3000
2010,Zimbabwe,ZWE,Sub-Saharan Africa,Low income,27.2,43.2,1340
2011,Albania,ALB,Europe & Central Asia,Upper middle income,0.9,,10180
2011,Algeria,DZA,Middle East & North Africa,Upper middle income,0.5,27.6,12850
2011,Angola,AGO,Sub-Saharan Africa,Lower middle income,30.3,42.7,5360
2011,Argentina,ARG,Latin America & Caribbean,Upper middle income,1.5,43.6,19070
2011,Armenia,ARM,Europe & Central Asia,Lower middle income,2.7,31.3,7270
2011,Australia,AUS,East Asia & Pacific,High income,0.3,34.7,40100
2011,Austria,AUT,Europe & Central Asia,High income,0.4,30.8,44390
2011,Azerbaijan,AZE,Europe & Central Asia,Upper middle income,0.4,31.8,14680
2011,Bangladesh,BGD,South Asia,Lower middle income,15.3,32.1,2770
2011,Belarus,BLR,Europe & Central Asia,Upper middle income,0,27.1,16820
2011,Belgium,BEL,Europe & Central Asia,High income,0.2,28.1,41660
2011,Belize,BLZ,Latin America & Caribbean,Upper middle income,13.7,53.3,7340
2011,Benin,BEN,Sub-Saharan Africa,Low income,53.1,43.4,1820
2011,Bhutan,BTN,South Asia,Lower middle income,3.1,,6380
2011,Bolivia,BOL,Latin America & Caribbean,Lower middle income,8,46.3,5330
2011,Bosnia and Herzegovina,BIH,Europe & Central Asia,Upper middle income,0.1,33.8,9970
2011,Botswana,BWA,Sub-Saharan Africa,Upper middle income,15.6,60.5,13790
2011,Brazil,BRA,Latin America & Caribbean,Upper middle income,5.5,53.1,14580
2011,Bulgaria,BGR,Europe & Central Asia,Upper middle income,2.2,34.3,15180
2011,Burkina Faso,BFA,Sub-Saharan Africa,Low income,48.9,,1430
2011,Burundi,BDI,Sub-Saharan Africa,Low income,75.3,,770
2011,Cabo Verde,CPV,Sub-Saharan Africa,Lower middle income,6.9,47.2,5760
2011,Cameroon,CMR,Sub-Saharan Africa,Lower middle income,30.3,,2660
2011,Canada,CAN,North America,High income,0.3,33.1,40780
2011,Central African Republic,CAF,Sub-Saharan Africa,Low income,64,56.2,920
2011,Chad,TCD,Sub-Saharan Africa,Low income,38.4,43.3,1820
2011,Chile,CHL,Latin America & Caribbean,High income,1.6,47.6,19190
2011,China,CHN,East Asia & Pacific,Upper middle income,7.9,,10290
2011,Colombia,COL,Latin America & Caribbean,Upper middle income,6.6,54.2,10970
2011,Comoros,COM,Sub-Saharan Africa,Low income,17.1,,1410
2011,Congo,COG,Sub-Saharan Africa,Lower middle income,37,48.9,3870
2011,Costa Rica,CRI,Latin America & Caribbean,Upper middle income,1.8,48.6,12940
2011,Cote d'Ivoire,CIV,Sub-Saharan Africa,Lower middle income,36.2,,2410
2011,Croatia,HRV,Europe & Central Asia,Upper middle income,0.7,32.3,20140
2011,Cyprus,CYP,Europe & Central Asia,High income,0,32.6,33190
2011,Czech Republic,CZE,Europe & Central Asia,High income,0.1,26.4,26620
2011,Denmark,DNK,Europe & Central Asia,High income,0,27.5,45340
2011,Dominican Republic,DOM,Latin America & Caribbean,Upper middle income,2.9,47.4,10880
2011,Ecuador,ECU,Latin America & Caribbean,Upper middle income,5.9,46.2,9770
2011,Egypt,EGY,Middle East & North Africa,Lower middle income,2.8,,9570
2011,El Salvador,SLV,Latin America & Caribbean,Lower middle income,4.5,42.4,7230
2011,Estonia,EST,Europe & Central Asia,High income,1,32.5,23310
2011,Ethiopia,ETH,Sub-Saharan Africa,Low income,30.6,33.2,1160
2011,Fiji,FJI,East Asia & Pacific,Upper middle income,2.6,,7260
2011,Finland,FIN,Europe & Central Asia,High income,0.1,27.6,40870
2011,France,FRA,Europe & Central Asia,High income,0,33.3,38320
2011,Gabon,GAB,Sub-Saharan Africa,Upper middle income,9.3,42.2,13710
2011,Gambia,GMB,Sub-Saharan Africa,Low income,47.3,47.3,1510
2011,Georgia,GEO,Europe & Central Asia,Lower middle income,17.8,41.6,7100
2011,Germany,DEU,Europe & Central Asia,High income,0,30,43770
2011,Ghana,GHA,Sub-Saharan Africa,Lower middle income,15.7,,3300
2011,Greece,GRC,Europe & Central Asia,High income,1.2,34.8,25430
2011,Guatemala,GTM,Latin America & Caribbean,Lower middle income,11.5,52.3,6610
2011,Guinea,GIN,Sub-Saharan Africa,Low income,47,,1110
2011,Guinea-Bissau,GNB,Sub-Saharan Africa,Low income,63.8,50.7,1480
2011,Guyana,GUY,Latin America & Caribbean,Upper middle income,8.3,44.6,6150
2011,Haiti,HTI,Latin America & Caribbean,Low income,51.6,,1570
2011,Honduras,HND,Latin America & Caribbean,Lower middle income,18.8,57.4,3830
2011,Hungary,HUN,Europe & Central Asia,High income,0.1,28.9,21670
2011,Iceland,ISL,Europe & Central Asia,High income,0.1,26.8,34550
2011,India,IND,South Asia,Lower middle income,21.2,35.2,4600
2011,Indonesia,IDN,East Asia & Pacific,Lower middle income,13.6,,8590
2011,Iran,IRN,Middle East & North Africa,Upper middle income,0.4,,17880
2011,Iraq,IRQ,Middle East & North Africa,Upper middle income,2.5,,13250
2011,Ireland,IRL,Europe & Central Asia,High income,0.5,32.3,36980
2011,Israel,ISR,Middle East & North Africa,High income,0.5,,30130
2011,Italy,ITA,Europe & Central Asia,High income,1.1,34.5,36250
2011,Jamaica,JAM,Latin America & Caribbean,Upper middle income,1.8,45.5,7840
2011,Japan,JPN,East Asia & Pacific,High income,0.3,32.1,36790
2011,Jordan,JOR,Middle East & North Africa,Lower middle income,0.1,33.7,9130
2011,Kazakhstan,KAZ,Europe & Central Asia,Upper middle income,0,27.4,18220
2011,Kenya,KEN,Sub-Saharan Africa,Lower middle income,27.5,48.5,2560
2011,Kiribati,KIR,East Asia & Pacific,Lower middle income,16.5,37,2340
2011,Korea,KOR,East Asia & Pacific,High income,0.3,,31410
2011,Kosovo,XKX,Europe & Central Asia,Lower middle income,1.4,27.8,8360
2011,Kyrgyz Republic,KGZ,Europe & Central Asia,Lower middle income,1.8,27.8,2610
2011,Lao PDR,LAO,East Asia & Pacific,Lower middle income,22.6,,3940
2011,Latvia,LVA,Europe & Central Asia,High income,1,35.8,19740
2011,Lesotho,LSO,Sub-Saharan Africa,Lower middle income,58,54.2,2960
2011,Liberia,LBR,Sub-Saharan Africa,Low income,52.1,,680
2011,Lithuania,LTU,Europe & Central Asia,High income,0.7,32.5,22020
2011,Luxembourg,LUX,Europe & Central Asia,High income,0.1,32,64050
2011,Macedonia,MKD,Europe & Central Asia,Upper middle income,10,40.2,11400
2011,Madagascar,MDG,Sub-Saharan Africa,Low income,78.4,,1350
2011,Malawi,MWI,Sub-Saharan Africa,Low income,70.5,46.1,1040
2011,Malaysia,MYS,East Asia & Pacific,Upper middle income,0.2,46.3,21300
2011,Maldives,MDV,South Asia,Upper middle income,4.9,38.4,9790
2011,Mali,MLI,Sub-Saharan Africa,Low income,49,33,1810
2011,Mauritania,MRT,Sub-Saharan Africa,Lower middle income,9.2,,3270
2011,Mauritius,MUS,Sub-Saharan Africa,Upper middle income,0.5,,16610
2011,Mexico,MEX,Latin America & Caribbean,Upper middle income,3.2,,15960
2011,Micronesia,FSM,East Asia & Pacific,Lower middle income,13,,3540
2011,Moldova,MDA,Europe & Central Asia,Lower middle income,0.3,30.6,4520
2011,Mongolia,MNG,East Asia & Pacific,Lower middle income,0.6,33.9,8160
2011,Montenegro,MNE,Europe & Central Asia,Upper middle income,0.2,30.8,14590
2011,Morocco,MAR,Middle East & North Africa,Lower middle income,1.8,40.7,6580
2011,Mozambique,MOZ,Sub-Saharan Africa,Low income,64.5,45.6,940
2011,Myanmar,MMR,East Asia & Pacific,Lower middle income,15.1,38.1,3900
2011,Namibia,NAM,Sub-Saharan Africa,Upper middle income,20.3,61,8490
2011,Nepal,NPL,South Asia,Low income,15.4,32.8,2040
2011,Netherlands,NLD,Europe & Central Asia,High income,0.1,27.8,46910
2011,Nicaragua,NIC,Latin America & Caribbean,Lower middle income,6.5,,4110
2011,Niger,NER,Sub-Saharan Africa,Low income,50.3,31.5,800
2011,Nigeria,NGA,Sub-Saharan Africa,Lower middle income,52.1,43,4970
2011,Norway,NOR,Europe & Central Asia,High income,0.1,25.3,62640
2011,Pakistan,PAK,South Asia,Lower middle income,7.9,30.9,4500
2011,Panama,PAN,Latin America & Caribbean,Upper middle income,4,51.8,16080
2011,Papua New Guinea,PNG,East Asia & Pacific,Lower middle income,33.8,41.9,2160
2011,Paraguay,PRY,Latin America & Caribbean,Upper middle income,5.4,52.6,7120
2011,Peru,PER,Latin America & Caribbean,Upper middle income,4.3,45.5,9640
2011,Philippines,PHL,East Asia & Pacific,Lower middle income,12.4,,6840
2011,Poland,POL,Europe & Central Asia,High income,0,32.8,22020
2011,Portugal,PRT,Europe & Central Asia,High income,0.5,36.3,26260
2011,Romania,ROU,Europe & Central Asia,Upper middle income,0,27.2,17800
2011,Russian Federation,RUS,Europe & Central Asia,Upper middle income,0,39.8,23360
2011,Rwanda,RWA,Sub-Saharan Africa,Low income,60.2,,1410
2011,Samoa,WSM,East Asia & Pacific,Upper middle income,0.7,42,5460
2011,Sao Tome and Principe,STP,Sub-Saharan Africa,Lower middle income,31.5,30.8,2700
2011,Senegal,SEN,Sub-Saharan Africa,Low income,38,40.3,2110
2011,Serbia,SRB,Europe & Central Asia,Upper middle income,0.1,,12670
2011,Seychelles,SYC,Sub-Saharan Africa,High income,1.2,46.8,20990
2011,Sierra Leone,SLE,Sub-Saharan Africa,Low income,52.3,34,1230
2011,Slovak Republic,SVK,Europe & Central Asia,High income,0.3,26.5,24900
2011,Slovenia,SVN,Europe & Central Asia,High income,0,24.9,28580
2011,Solomon Islands,SLB,East Asia & Pacific,Lower middle income,29.3,,1490
2011,South Africa,ZAF,Sub-Saharan Africa,Upper middle income,16.6,63.4,11930
2011,South Sudan,SSD,Sub-Saharan Africa,Low income,45.4,46.3,2240
2011,Spain,ESP,Europe & Central Asia,High income,1.1,35.7,31510
2011,Sri Lanka,LKA,South Asia,Lower middle income,2,,9120
2011,St. Lucia,LCA,Latin America & Caribbean,Upper middle income,30.5,42.6,10620
2011,Sudan,SDN,Sub-Saharan Africa,Lower middle income,11.8,35.4,3480
2011,Suriname,SUR,Latin America & Caribbean,Upper middle income,18.8,57.6,14010
2011,Swaziland,SWZ,Sub-Saharan Africa,Lower middle income,41.2,51.5,6940
2011,Sweden,SWE,Europe & Central Asia,High income,0.4,26.9,44720
2011,Switzerland,CHE,Europe & Central Asia,High income,0,31.7,56460
2011,Tajikistan,TJK,Europe & Central Asia,Lower middle income,18.6,,2820
2011,Tanzania,TZA,Sub-Saharan Africa,Low income,49.1,37.8,2170
2011,Thailand,THA,East Asia & Pacific,Upper middle income,0,37.5,13210
2011,Togo,TGO,Sub-Saharan Africa,Low income,54.2,46,1050
2011,Tonga,TON,East Asia & Pacific,Upper middle income,1,37.5,5260
2011,Trinidad and Tobago,TTO,Latin America & Caribbean,High income,0.3,40.3,27260
2011,Tunisia,TUN,Middle East & North Africa,Lower middle income,1.7,35.8,9640
2011,Turkey,TUR,Europe & Central Asia,Upper middle income,0.3,40,19490
2011,Turkmenistan,TKM,Europe & Central Asia,Upper middle income,5,40.8,10130
2011,Tuvalu,TUV,East Asia & Pacific,Upper middle income,2.7,39.1,4750
2011,Uganda,UGA,Sub-Saharan Africa,Low income,36.8,,1600
2011,Ukraine,UKR,Europe & Central Asia,Lower middle income,0,24.5,8090
2011,United Kingdom,GBR,Europe & Central Asia,High income,0.4,33.2,36900
2011,United States,USA,North America,High income,1,41.9,50710
2011,Uruguay,URY,Latin America & Caribbean,High income,0.3,43.4,17300
2011,Uzbekistan,UZB,Europe & Central Asia,Lower middle income,31.2,35.3,4650
2011,Vanuatu,VUT,East Asia & Pacific,Lower middle income,13,37.4,2830
2011,Venezuela,VEN,Latin America & Caribbean,Upper middle income,8.5,46.9,16550
2011,Vietnam,VNM,East Asia & Pacific,Lower middle income,3.5,,4510
2011,Yemen,YEM,Middle East & North Africa,Lower middle income,17.3,,3530
2011,Zambia,ZMB,Sub-Saharan Africa,Lower middle income,62.6,,3200
2011,Zimbabwe,ZWE,Sub-Saharan Africa,Low income,21.4,43.2,1540
2012,Albania,ALB,Europe & Central Asia,Upper middle income,1.1,29,10450
2012,Algeria,DZA,Middle East & North Africa,Upper middle income,0.4,27.6,13160
2012,Angola,AGO,Sub-Saharan Africa,Lower middle income,29.6,42.7,5560
2012,Argentina,ARG,Latin America & Caribbean,Upper middle income,1.6,42.5,19120
2012,Armenia,ARM,Europe & Central Asia,Lower middle income,1.7,30.5,7950
2012,Australia,AUS,East Asia & Pacific,High income,0.3,34.7,41320
2012,Austria,AUT,Europe & Central Asia,High income,0.3,31.1,46280
2012,Azerbaijan,AZE,Europe & Central Asia,Upper middle income,0.4,31.8,15260
2012,Bangladesh,BGD,South Asia,Lower middle income,13.7,32.1,2990
2012,Belarus,BLR,Europe & Central Asia,Upper middle income,0,26.5,17400
2012,Belgium,BEL,Europe & Central Asia,High income,0.2,27.5,43390
2012,Belize,BLZ,Latin America & Caribbean,Upper middle income,13.7,53.3,7510
2012,Benin,BEN,Sub-Saharan Africa,Low income,52.5,,1870
2012,Bhutan,BTN,South Asia,Lower middle income,2.2,38.8,6600
2012,Bolivia,BOL,Latin America & Caribbean,Lower middle income,9.1,46.7,5540
2012,Bosnia and Herzegovina,BIH,Europe & Central Asia,Upper middle income,0.1,33.8,10250
2012,Botswana,BWA,Sub-Saharan Africa,Upper middle income,14.8,60.5,14550
2012,Brazil,BRA,Latin America & Caribbean,Upper middle income,4.6,52.7,15070
2012,Bulgaria,BGR,Europe & Central Asia,Upper middle income,2,36,15990
2012,Burkina Faso,BFA,Sub-Saharan Africa,Low income,45.6,,1490
2012,Burundi,BDI,Sub-Saharan Africa,Low income,74.9,,790
2012,Cabo Verde,CPV,Sub-Saharan Africa,Lower middle income,7,47.2,5840
2012,Cameroon,CMR,Sub-Saharan Africa,Lower middle income,29,,2740
2012,Canada,CAN,North America,High income,0.3,34.4,41400
2012,Central African Republic,CAF,Sub-Saharan Africa,Low income,62.5,56.2,970
2012,Chad,TCD,Sub-Saharan Africa,Low income,35.9,43.3,1950
2012,Chile,CHL,Latin America & Caribbean,High income,1.2,,20580
2012,China,CHN,East Asia & Pacific,Upper middle income,6.5,42.2,11320
2012,Colombia,COL,Latin America & Caribbean,Upper middle income,7.1,53.5,11570
2012,Comoros,COM,Sub-Saharan Africa,Low income,17.5,,1440
2012,Congo,COG,Sub-Saharan Africa,Lower middle income,36.6,48.9,4140
2012,Costa Rica,CRI,Latin America & Caribbean,Upper middle income,1.7,48.6,13680
2012,Cote d'Ivoire,CIV,Sub-Saharan Africa,Lower middle income,33.8,,2670
2012,Croatia,HRV,Europe & Central Asia,Upper middle income,0.9,32.5,20500
2012,Cyprus,CYP,Europe & Central Asia,High income,0,34.3,30900
2012,Czech Republic,CZE,Europe & Central Asia,High income,0,26.1,27250
2012,Denmark,DNK,Europe & Central Asia,High income,0,27.8,45820
2012,Dominican Republic,DOM,Latin America & Caribbean,Upper middle income,2.6,45.7,11240
2012,Ecuador,ECU,Latin America & Caribbean,Upper middle income,5.9,46.6,10360
2012,Egypt,EGY,Middle East & North Africa,Lower middle income,2.3,29.8,9960
2012,El Salvador,SLV,Latin America & Caribbean,Lower middle income,4.2,41.8,7380
2012,Estonia,EST,Europe & Central Asia,High income,0.7,32.9,24970
2012,Ethiopia,ETH,Sub-Saharan Africa,Low income,26.5,33.2,1250
2012,Fiji,FJI,East Asia & Pacific,Upper middle income,2.3,,7450
2012,Finland,FIN,Europe & Central Asia,High income,0.1,27.1,40830
2012,France,FRA,Europe & Central Asia,High income,0,33,38180
2012,Gabon,GAB,Sub-Saharan Africa,Upper middle income,8.9,42.2,14810
2012,Gambia,GMB,Sub-Saharan Africa,Low income,45.3,47.3,1570
2012,Georgia,GEO,Europe & Central Asia,Lower middle income,15.5,41.3,7950
2012,Germany,DEU,Europe & Central Asia,High income,0,,44590
2012,Ghana,GHA,Sub-Saharan Africa,Lower middle income,13.6,42.2,3510
2012,Greece,GRC,Europe & Central Asia,High income,1.5,36.3,25450
2012,Guatemala,GTM,Latin America & Caribbean,Lower middle income,11,,6850
2012,Guinea,GIN,Sub-Saharan Africa,Low income,35.3,33.7,1160
2012,Guinea-Bissau,GNB,Sub-Saharan Africa,Low income,65.9,50.7,1450
2012,Guyana,GUY,Latin America & Caribbean,Upper middle income,7.7,44.6,6510
2012,Haiti,HTI,Latin America & Caribbean,Low income,24.9,40.9,1630
2012,Honduras,HND,Latin America & Caribbean,Lower middle income,21.4,57.4,3920
2012,Hungary,HUN,Europe & Central Asia,High income,0.2,30.5,22080
2012,Iceland,ISL,Europe & Central Asia,High income,0,26.8,36690
2012,India,IND,South Asia,Lower middle income,19.9,,4860
2012,Indonesia,IDN,East Asia & Pacific,Lower middle income,11.8,,9160
2012,Iran,IRN,Middle East & North Africa,Upper middle income,0.3,,16840
2012,Iraq,IRQ,Middle East & North Africa,Upper middle income,2.5,29.5,14970
2012,Ireland,IRL,Europe & Central Asia,High income,0.3,32.5,38030
2012,Israel,ISR,Middle East & North Africa,High income,0.7,41.4,30900
2012,Italy,ITA,Europe & Central Asia,High income,1.2,34.9,36190
2012,Jamaica,JAM,Latin America & Caribbean,Upper middle income,1.8,45.5,8050
2012,Japan,JPN,East Asia & Pacific,High income,0.3,32.1,38190
2012,Jordan,JOR,Middle East & North Africa,Lower middle income,0.1,33.7,9010
2012,Kazakhstan,KAZ,Europe & Central Asia,Upper middle income,0.1,27.5,19370
2012,Kenya,KEN,Sub-Saharan Africa,Lower middle income,26.6,48.5,2630
2012,Kiribati,KIR,East Asia & Pacific,Lower middle income,14.2,37,2600
2012,Korea,KOR,East Asia & Pacific,High income,0.3,31.6,32430
2012,Kosovo,XKX,Europe & Central Asia,Lower middle income,0.6,29.4,8740
2012,Kyrgyz Republic,KGZ,Europe & Central Asia,Lower middle income,2.9,27.4,2850
2012,Lao PDR,LAO,East Asia & Pacific,Lower middle income,22.7,36.4,4330
2012,Latvia,LVA,Europe & Central Asia,High income,1,35.2,21070
2012,Lesotho,LSO,Sub-Saharan Africa,Lower middle income,56.1,54.2,3080
2012,Liberia,LBR,Sub-Saharan Africa,Low income,43.9,,670
2012,Lithuania,LTU,Europe & Central Asia,High income,0.9,35.1,23910
2012,Luxembourg,LUX,Europe & Central Asia,High income,0,34.3,63710
2012,Macedonia,MKD,Europe & Central Asia,Upper middle income,10.1,40.1,11580
2012,Madagascar,MDG,Sub-Saharan Africa,Low income,77.8,42.7,1350
2012,Malawi,MWI,Sub-Saharan Africa,Low income,70.8,46.1,1040
2012,Malaysia,MYS,East Asia & Pacific,Upper middle income,0.1,46.3,22160
2012,Maldives,MDV,South Asia,Upper middle income,4.9,38.4,10150
2012,Mali,MLI,Sub-Saharan Africa,Low income,51.2,33,1760
2012,Mauritania,MRT,Sub-Saharan Africa,Lower middle income,8,,3400
2012,Mauritius,MUS,Sub-Saharan Africa,Upper middle income,0.5,35.8,17470
2012,Mexico,MEX,Latin America & Caribbean,Upper middle income,2.7,48.1,16420
2012,Micronesia,FSM,East Asia & Pacific,Lower middle income,13.5,,3670
2012,Moldova,MDA,Europe & Central Asia,Lower middle income,0.3,29.2,4700
2012,Mongolia,MNG,East Asia & Pacific,Lower middle income,0.4,33.8,9200
2012,Montenegro,MNE,Europe & Central Asia,Upper middle income,1.3,32.2,14100
2012,Morocco,MAR,Middle East & North Africa,Lower middle income,1.5,40.7,6780
2012,Mozambique,MOZ,Sub-Saharan Africa,Low income,62.3,45.6,1010
2012,Myanmar,MMR,East Asia & Pacific,Lower middle income,12.5,38.1,4100
2012,Namibia,NAM,Sub-Saharan Africa,Upper middle income,19.2,61,8770
2012,Nepal,NPL,South Asia,Low income,9.3,32.8,2160
2012,Netherlands,NLD,Europe & Central Asia,High income,0.1,27.6,47670
2012,Nicaragua,NIC,Latin America & Caribbean,Lower middle income,5.5,,4400
2012,Niger,NER,Sub-Saharan Africa,Low income,46.9,,860
2012,Nigeria,NGA,Sub-Saharan Africa,Lower middle income,51.2,43,5180
2012,Norway,NOR,Europe & Central Asia,High income,0.1,25.7,65920
2012,Pakistan,PAK,South Asia,Lower middle income,6.9,,4680
2012,Panama,PAN,Latin America & Caribbean,Upper middle income,4.4,51.9,17510
2012,Papua New Guinea,PNG,East Asia & Pacific,Lower middle income,31.3,41.9,2320
2012,Paraguay,PRY,Latin America & Caribbean,Upper middle income,3.7,48.2,6940
2012,Peru,PER,Latin America & Caribbean,Upper middle income,4.1,45.1,10430
2012,Philippines,PHL,East Asia & Pacific,Lower middle income,12.1,42.2,7350
2012,Poland,POL,Europe & Central Asia,High income,0,32.4,22940
2012,Portugal,PRT,Europe & Central Asia,High income,0.7,36,25810
2012,Romania,ROU,Europe & Central Asia,Upper middle income,0,27.3,18660
2012,Russian Federation,RUS,Europe & Central Asia,Upper middle income,0,40.7,24520
2012,Rwanda,RWA,Sub-Saharan Africa,Low income,59.3,,1520
2012,Samoa,WSM,East Asia & Pacific,Upper middle income,0.8,42,5480
2012,Sao Tome and Principe,STP,Sub-Saharan Africa,Lower middle income,30.8,30.8,2720
2012,Senegal,SEN,Sub-Saharan Africa,Low income,37.6,40.3,2180
2012,Serbia,SRB,Europe & Central Asia,Upper middle income,0.2,,12660
2012,Seychelles,SYC,Sub-Saharan Africa,High income,1.2,46.8,22930
2012,Sierra Leone,SLE,Sub-Saharan Africa,Low income,44.2,34,1470
2012,Slovak Republic,SVK,Europe & Central Asia,High income,0.2,26.1,26140
2012,Slovenia,SVN,Europe & Central Asia,High income,0,25.6,28640
2012,Solomon Islands,SLB,East Asia & Pacific,Lower middle income,27,,1870
2012,South Africa,ZAF,Sub-Saharan Africa,Upper middle income,16.2,63.4,12220
2012,South Sudan,SSD,Sub-Saharan Africa,Low income,73.1,46.3,1770
2012,Spain,ESP,Europe & Central Asia,High income,0.9,35.4,31760
2012,Sri Lanka,LKA,South Asia,Lower middle income,1.9,39.2,9980
2012,St. Lucia,LCA,Latin America & Caribbean,Upper middle income,31.4,42.6,10490
2012,Sudan,SDN,Sub-Saharan Africa,Lower middle income,8.6,35.4,3820
2012,Suriname,SUR,Latin America & Caribbean,Upper middle income,17.8,57.6,14820
2012,Swaziland,SWZ,Sub-Saharan Africa,Lower middle income,40.1,51.5,7190
2012,Sweden,SWE,Europe & Central Asia,High income,0.4,27.1,45830
2012,Switzerland,CHE,Europe & Central Asia,High income,0,31.6,58880
2012,Tajikistan,TJK,Europe & Central Asia,Lower middle income,24.5,30.5,3020
2012,Tanzania,TZA,Sub-Saharan Africa,Low income,48.8,37.8,2240
2012,Thailand,THA,East Asia & Pacific,Upper middle income,0.1,39.3,14040
2012,Togo,TGO,Sub-Saharan Africa,Low income,53.1,,1090
2012,Tonga,TON,East Asia & Pacific,Upper middle income,1,37.5,5350
2012,Trinidad and Tobago,TTO,Latin America & Caribbean,High income,0.2,40.3,27630
2012,Tunisia,TUN,Middle East & North Africa,Lower middle income,1.3,35.8,10150
2012,Turkey,TUR,Europe & Central Asia,Upper middle income,0.3,40.2,20480
2012,Turkmenistan,TKM,Europe & Central Asia,Upper middle income,3.4,40.8,11280
2012,Tuvalu,TUV,East Asia & Pacific,Upper middle income,2.7,39.1,4050
2012,Uganda,UGA,Sub-Saharan Africa,Low income,34.6,41,1630
2012,Ukraine,UKR,Europe & Central Asia,Lower middle income,0,24.7,8330
2012,United Kingdom,GBR,Europe & Central Asia,High income,0.2,32.3,37430
2012,United States,USA,North America,High income,1,42.3,52850
2012,Uruguay,URY,Latin America & Caribbean,High income,0.4,41.3,18250
2012,Uzbekistan,UZB,Europe & Central Asia,Lower middle income,26.9,35.3,5070
2012,Vanuatu,VUT,East Asia & Pacific,Lower middle income,12.7,37.4,2770
2012,Venezuela,VEN,Latin America & Caribbean,Upper middle income,8.2,46.9,17530
2012,Vietnam,VNM,East Asia & Pacific,Lower middle income,2.8,35.7,4800
2012,Yemen,YEM,Middle East & North Africa,Lower middle income,17.9,,3690
2012,Zambia,ZMB,Sub-Saharan Africa,Lower middle income,59.9,,3530
2012,Zimbabwe,ZWE,Sub-Saharan Africa,Low income,17.3,43.2,1770
2013,Albania,ALB,Europe & Central Asia,Upper middle income,1,29,10610
2013,Algeria,DZA,Middle East & North Africa,Upper middle income,0.4,27.6,13420
2013,Angola,AGO,Sub-Saharan Africa,Lower middle income,28.5,42.7,5890
2013,Argentina,ARG,Latin America & Caribbean,Upper middle income,1.8,42.3,19730
2013,Armenia,ARM,Europe & Central Asia,Lower middle income,2.4,31.5,8490
2013,Australia,AUS,East Asia & Pacific,High income,0.3,34.7,44530
2013,Austria,AUT,Europe & Central Asia,High income,0.3,30.9,47840
2013,Azerbaijan,AZE,Europe & Central Asia,Upper middle income,0.4,31.8,16320
2013,Bangladesh,BGD,South Asia,Lower middle income,11.7,32.1,3170
2013,Belarus,BLR,Europe & Central Asia,Upper middle income,0,26.6,17620
2013,Belgium,BEL,Europe & Central Asia,High income,0.3,27.7,44170
2013,Belize,BLZ,Latin America & Caribbean,Upper middle income,12.6,53.3,7580
2013,Benin,BEN,Sub-Saharan Africa,Low income,51.5,,1990
2013,Bhutan,BTN,South Asia,Lower middle income,0.3,38.8,6820
2013,Bolivia,BOL,Latin America & Caribbean,Lower middle income,7.7,48.1,5910
2013,Bosnia and Herzegovina,BIH,Europe & Central Asia,Upper middle income,0.1,33.8,10960
2013,Botswana,BWA,Sub-Saharan Africa,Upper middle income,12.3,60.5,15710
2013,Brazil,BRA,Latin America & Caribbean,Upper middle income,4.9,52.9,15780
2013,Bulgaria,BGR,Europe & Central Asia,Upper middle income,1.7,36.6,16280
2013,Burkina Faso,BFA,Sub-Saharan Africa,Low income,45.3,,1540
2013,Burundi,BDI,Sub-Saharan Africa,Low income,73.7,39.2,820
2013,Cabo Verde,CPV,Sub-Saharan Africa,Lower middle income,7.1,47.2,5960
2013,Cameroon,CMR,Sub-Saharan Africa,Lower middle income,26.6,,2850
2013,Canada,CAN,North America,High income,0.3,34,43420
2013,Central African Republic,CAF,Sub-Saharan Africa,Low income,79.3,56.2,620
2013,Chad,TCD,Sub-Saharan Africa,Low income,34.9,43.3,1980
2013,Chile,CHL,Latin America & Caribbean,High income,0.9,47.3,21580
2013,China,CHN,East Asia & Pacific,Upper middle income,1.9,42.2,12270
2013,Colombia,COL,Latin America & Caribbean,Upper middle income,6.1,53.5,12250
2013,Comoros,COM,Sub-Saharan Africa,Low income,17.7,45,1490
2013,Congo,COG,Sub-Saharan Africa,Lower middle income,36.4,48.9,4320
2013,Costa Rica,CRI,Latin America & Caribbean,Upper middle income,1.7,49.2,13980
2013,Cote d'Ivoire,CIV,Sub-Saharan Africa,Lower middle income,31.9,,2850
2013,Croatia,HRV,Europe & Central Asia,Upper middle income,0.8,32,21240
2013,Cyprus,CYP,Europe & Central Asia,High income,0,37,29180
2013,Czech Republic,CZE,Europe & Central Asia,High income,0,26.5,28670
2013,Denmark,DNK,Europe & Central Asia,High income,0.2,28.5,48210
2013,Dominican Republic,DOM,Latin America & Caribbean,Upper middle income,2.3,47.1,11710
2013,Ecuador,ECU,Latin America & Caribbean,Upper middle income,4.4,47.3,10880
2013,Egypt,EGY,Middle East & North Africa,Lower middle income,2.1,29.8,10120
2013,El Salvador,SLV,Latin America & Caribbean,Lower middle income,3.3,43.5,7580
2013,Estonia,EST,Europe & Central Asia,High income,1,35.1,26800
2013,Ethiopia,ETH,Sub-Saharan Africa,Low income,21.6,33.2,1370
2013,Fiji,FJI,East Asia & Pacific,Upper middle income,1.5,36.4,8110
2013,Finland,FIN,Europe & Central Asia,High income,0,27.2,41430
2013,France,FRA,Europe & Central Asia,High income,0,32.5,40040
2013,Gabon,GAB,Sub-Saharan Africa,Upper middle income,8.5,42.2,15420
2013,Gambia,GMB,Sub-Saharan Africa,Low income,44.8,47.3,1610
2013,Georgia,GEO,Europe & Central Asia,Lower middle income,11.5,40,8380
2013,Germany,DEU,Europe & Central Asia,High income,0,31.4,46320
2013,Ghana,GHA,Sub-Saharan Africa,Lower middle income,12.2,42.2,3830
2013,Greece,GRC,Europe & Central Asia,High income,1,36.1,26070
2013,Guatemala,GTM,Latin America & Caribbean,Lower middle income,10.3,,7080
2013,Guinea,GIN,Sub-Saharan Africa,Low income,35.3,33.7,1180
2013,Guinea-Bissau,GNB,Sub-Saharan Africa,Low income,67,50.7,1440
2013,Guyana,GUY,Latin America & Caribbean,Upper middle income,7.2,44.6,6980
2013,Haiti,HTI,Latin America & Caribbean,Low income,24.4,40.9,1690
2013,Honduras,HND,Latin America & Caribbean,Lower middle income,18.9,53.7,4020
2013,Hungary,HUN,Europe & Central Asia,High income,0.2,31.5,23730
2013,Iceland,ISL,Europe & Central Asia,High income,0,25.4,42100
2013,India,IND,South Asia,Lower middle income,16.5,,5190
2013,Indonesia,IDN,East Asia & Pacific,Lower middle income,9.8,39.5,9680
2013,Iran,IRN,Middle East & North Africa,Upper middle income,0.1,37.4,16560
2013,Iraq,IRQ,Middle East & North Africa,Upper middle income,2.1,29.5,15540
2013,Ireland,IRL,Europe & Central Asia,High income,0.8,33.4,41040
2013,Israel,ISR,Middle East & North Africa,High income,0.7,41.4,33550
2013,Italy,ITA,Europe & Central Asia,High income,1.4,34.9,36070
2013,Jamaica,JAM,Latin America & Caribbean,Upper middle income,1.8,45.5,8110
2013,Japan,JPN,East Asia & Pacific,High income,0.3,32.1,40280
2013,Jordan,JOR,Middle East & North Africa,Lower middle income,0.2,33.7,8970
2013,Kazakhstan,KAZ,Europe & Central Asia,Upper middle income,0,26.3,21250
2013,Kenya,KEN,Sub-Saharan Africa,Lower middle income,25.2,48.5,2750
2013,Kiribati,KIR,East Asia & Pacific,Lower middle income,14,37,2980
2013,Korea,KOR,East Asia & Pacific,High income,0.3,31.6,32850
2013,Kosovo,XKX,Europe & Central Asia,Lower middle income,0.8,26.7,9030
2013,Kyrgyz Republic,KGZ,Europe & Central Asia,Lower middle income,3.3,28.8,3040
2013,Lao PDR,LAO,East Asia & Pacific,Lower middle income,20.7,36.4,4730
2013,Latvia,LVA,Europe & Central Asia,High income,0.7,35.5,22640
2013,Lesotho,LSO,Sub-Saharan Africa,Lower middle income,55.8,54.2,3110
2013,Liberia,LBR,Sub-Saharan Africa,Low income,40,,720
2013,Lithuania,LTU,Europe & Central Asia,High income,0.7,35.3,26020
2013,Luxembourg,LUX,Europe & Central Asia,High income,0.1,32,64040
2013,Macedonia,MKD,Europe & Central Asia,Upper middle income,7,38.5,12370
2013,Madagascar,MDG,Sub-Saharan Africa,Low income,78,42.6,1370
2013,Malawi,MWI,Sub-Saharan Africa,Low income,70,46.1,1070
2013,Malaysia,MYS,East Asia & Pacific,Upper middle income,0.1,46.3,23240
2013,Maldives,MDV,South Asia,Upper middle income,4.7,38.4,10310
2013,Mali,MLI,Sub-Saharan Africa,Low income,51.6,33,1790
2013,Mauritania,MRT,Sub-Saharan Africa,Lower middle income,6.9,,3580
2013,Mauritius,MUS,Sub-Saharan Africa,Upper middle income,0.5,35.8,18280
2013,Mexico,MEX,Latin America & Caribbean,Upper middle income,2.8,,16440
2013,Micronesia,FSM,East Asia & Pacific,Lower middle income,15.3,40.1,3700
2013,Moldova,MDA,Europe & Central Asia,Lower middle income,0.1,28.5,5210
2013,Mongolia,MNG,East Asia & Pacific,Lower middle income,0.3,,10470
2013,Montenegro,MNE,Europe & Central Asia,Upper middle income,1,32.3,15170
2013,Morocco,MAR,Middle East & North Africa,Lower middle income,1.4,40.7,7140
2013,Mozambique,MOZ,Sub-Saharan Africa,Low income,60.2,45.6,1070
2013,Myanmar,MMR,East Asia & Pacific,Lower middle income,10,38.1,4470
2013,Namibia,NAM,Sub-Saharan Africa,Upper middle income,17.8,61,9520
2013,Nepal,NPL,South Asia,Low income,8.9,32.8,2260
2013,Netherlands,NLD,Europe & Central Asia,High income,0,28.1,49350
2013,Nicaragua,NIC,Latin America & Caribbean,Lower middle income,4.9,,4640
2013,Niger,NER,Sub-Saharan Africa,Low income,46.8,,880
2013,Nigeria,NGA,Sub-Saharan Africa,Lower middle income,49.6,43,5390
2013,Norway,NOR,Europe & Central Asia,High income,0,26.4,67670
2013,Pakistan,PAK,South Asia,Lower middle income,6.1,30.7,4860
2013,Panama,PAN,Latin America & Caribbean,Upper middle income,2.9,51.7,18560
2013,Papua New Guinea,PNG,East Asia & Pacific,Lower middle income,30,41.9,2450
2013,Paraguay,PRY,Latin America & Caribbean,Upper middle income,2.2,48.3,8020
2013,Peru,PER,Latin America & Caribbean,Upper middle income,3.7,44.7,11200
2013,Philippines,PHL,East Asia & Pacific,Lower middle income,10.8,,7930
2013,Poland,POL,Europe & Central Asia,High income,0,32.5,23890
2013,Portugal,PRT,Europe & Central Asia,High income,0.8,36.2,27520
2013,Romania,ROU,Europe & Central Asia,Upper middle income,0,27.5,19450
2013,Russian Federation,RUS,Europe & Central Asia,Upper middle income,0,40.9,24570
2013,Rwanda,RWA,Sub-Saharan Africa,Low income,60.4,50.4,1560
2013,Samoa,WSM,East Asia & Pacific,Upper middle income,1.1,42,5450
2013,Sao Tome and Principe,STP,Sub-Saharan Africa,Lower middle income,29.2,30.8,2910
2013,Senegal,SEN,Sub-Saharan Africa,Low income,37.5,40.3,2220
2013,Serbia,SRB,Europe & Central Asia,Upper middle income,0.2,29.1,13200
2013,Seychelles,SYC,Sub-Saharan Africa,High income,1.1,46.8,24350
2013,Sierra Leone,SLE,Sub-Saharan Africa,Low income,32,34,1700
2013,Slovak Republic,SVK,Europe & Central Asia,High income,0.2,28.1,27640
2013,Slovenia,SVN,Europe & Central Asia,High income,0,26.2,29370
2013,Solomon Islands,SLB,East Asia & Pacific,Lower middle income,25.1,37,2090
2013,South Africa,ZAF,Sub-Saharan Africa,Upper middle income,16,63.4,12540
2013,South Sudan,SSD,Sub-Saharan Africa,Low income,69.5,46.3,1900
2013,Spain,ESP,Europe & Central Asia,High income,1.2,36.2,32430
2013,Sri Lanka,LKA,South Asia,Lower middle income,1.6,39.2,10350
2013,St. Lucia,LCA,Latin America & Caribbean,Upper middle income,31.6,42.6,10710
2013,Sudan,SDN,Sub-Saharan Africa,Lower middle income,8.2,35.4,2700
2013,Suriname,SUR,Latin America & Caribbean,Upper middle income,17.8,57.6,15550
2013,Swaziland,SWZ,Sub-Saharan Africa,Lower middle income,38.2,51.5,7530
2013,Sweden,SWE,Europe & Central Asia,High income,0.5,27.7,46720
2013,Switzerland,CHE,Europe & Central Asia,High income,0,32.5,61190
2013,Tajikistan,TJK,Europe & Central Asia,Lower middle income,22.6,30.4,3320
2013,Tanzania,TZA,Sub-Saharan Africa,Low income,45.9,37.8,2370
2013,Thailand,THA,East Asia & Pacific,Upper middle income,0,37.8,14320
2013,Togo,TGO,Sub-Saharan Africa,Low income,52.2,,1110
2013,Tonga,TON,East Asia & Pacific,Upper middle income,1.1,37.5,5240
2013,Trinidad and Tobago,TTO,Latin America & Caribbean,High income,0.5,40.3,30200
2013,Tunisia,TUN,Middle East & North Africa,Lower middle income,1,35.8,10460
2013,Turkey,TUR,Europe & Central Asia,Upper middle income,0.3,40.2,22110
2013,Turkmenistan,TKM,Europe & Central Asia,Upper middle income,2.3,40.8,12540
2013,Tuvalu,TUV,East Asia & Pacific,Upper middle income,2.7,39.1,5050
2013,Uganda,UGA,Sub-Saharan Africa,Low income,34.5,41,1660
2013,Ukraine,UKR,Europe & Central Asia,Lower middle income,0,24.5,8480
2013,United Kingdom,GBR,Europe & Central Asia,High income,0.2,33.2,38780
2013,United States,USA,North America,High income,1,41,54000
2013,Uruguay,URY,Latin America & Caribbean,High income,0.3,41.9,19290
2013,Uzbekistan,UZB,Europe & Central Asia,Lower middle income,23.2,35.3,5540
2013,Vanuatu,VUT,East Asia & Pacific,Lower middle income,12.2,37.4,2970
2013,Venezuela,VEN,Latin America & Caribbean,Upper middle income,8.1,46.9,17700
2013,Vietnam,VNM,East Asia & Pacific,Lower middle income,2.8,,5070
2013,Yemen,YEM,Middle East & North Africa,Lower middle income,16.6,,3830
2013,Zambia,ZMB,Sub-Saharan Africa,Lower middle income,58.8,,3550
2013,Zimbabwe,ZWE,Sub-Saharan Africa,Low income,16.2,43.2,1850